가경동,가경동
가경,가경동
가곡동,가곡동
가곡,가곡동
가곡면,가곡면
가곡,가곡면
가금면,가금면
가금,가금면
가남면,가남면
가남,가남면
가남읍,가남읍
가남,가남읍
가능1동,가능1동
가능1,가능1동
가능2동,가능2동
가능2,가능2동
가능3동,가능3동
가능3,가능3동
가능동,가능동
가능,가능동
가능리,가능리
가대동,가대동
가대,가대동
가덕면,가덕면
가덕,가덕면
가락동,가락동
가락,가락동
가락면,가락면
가락,가락면
가람동,가람동
가람,가람동
가례면,가례면
가례,가례면
가리봉1동,가리봉1동
가리봉1,가리봉1동
가리봉2동,가리봉2동
가리봉2,가리봉2동
가리봉3동,가리봉3동
가리봉3,가리봉3동
가리봉동,가리봉동
가리봉,가리봉동
가북면,가북면
가북,가북면
가사동,가사동
가사,가사동
가사문학면,가사문학면
가사문학,가사문학면
가산동,가산동
가산,가산동
가산면,가산면
가산,가산면
가수동,가수동
가수,가수동
가수원동,가수원동
가수원,가수원동
가신동,가신동
가신,가신동
가야1동,가야1동
가야1,가야1동
가야2동,가야2동
가야2,가야2동
가야3동,가야3동
가야3,가야3동
가야곡면,가야곡면
가야곡,가야곡면
가야동,가야동
가야,가야동
가야면,가야면
가야,가야면
가야읍,가야읍
가야,가야읍
가양1동,가양1동
가양1,가양1동
가양2동,가양2동
가양2,가양2동
가양동,가양동
가양,가양동
가업동,가업동
가업,가업동
가오동,가오동
가오,가오동
가오리,가오리
가운동,가운동
가운,가운동
가율동,가율동
가율,가율동
가은면,가은면
가은,가은면
가은읍,가은읍
가은,가은읍
가음동,가음동
가음,가음동
가음면,가음면
가음,가음면
가음정동,가음정동
가음정,가음정동
가장동,가장동
가장,가장동
가장리,가장리
가재동,가재동
가재,가재동
가정동,가정동
가정,가정동
가조면,가조면
가조,가조면
가좌1동,가좌1동
가좌1,가좌1동
가좌2동,가좌2동
가좌2,가좌2동
가좌3동,가좌3동
가좌3,가좌3동
가좌동,가좌동
가좌,가좌동
가주동,가주동
가주,가주동
가창면,가창면
가창,가창면
가천동,가천동
가천,가천동
가천면,가천면
가천,가천면
가평면,가평면
가평,가평면
가평읍,가평읍
가평,가평읍
가포동,가포동
가포,가포동
가학동,가학동
가학,가학동
가현동,가현동
가현,가현동
가호동,가호동
가호,가호동
가회동,가회동
가회,가회동
가회면,가회면
가회,가회면
가흥1동,가흥1동
가흥1,가흥1동
가흥2동,가흥2동
가흥2,가흥2동
가흥동,가흥동
가흥,가흥동
각남면,각남면
각남,각남면
각북면,각북면
각북,각북면
각산동,각산동
각산,각산동
각화동,각화동
각화,각화동
간동면,간동면
간동,간동면
간석1동,간석1동
간석1,간석1동
간석2동,간석2동
간석2,간석2동
간석3동,간석3동
간석3,간석3동
간석동,간석동
간석,간석동
간성면,간성면
간성,간성면
간성읍,간성읍
간성,간성읍
간전면,간전면
간전,간전면
갈공동,갈공동
갈공,갈공동
갈곶동,갈곶동
갈곶,갈곶동
갈마동,갈마동
갈마,갈마동
갈마리,갈마리
갈말면,갈말면
갈말,갈말면
갈말읍,갈말읍
갈말,갈말읍
갈매동,갈매동
갈매,갈매동
갈산동,갈산동
갈산,갈산동
갈산면,갈산면
갈산,갈산면
갈월동,갈월동
갈월,갈월동
갈전동,갈전동
갈전,갈전동
갈천동,갈천동
갈천,갈천동
갈치동,갈치동
갈치,갈치동
갈현동,갈현동
갈현,갈현동
감곡면,감곡면
감곡,감곡면
감만1동,감만1동
감만1,감만1동
감만2동,감만2동
감만2,감만2동
감만동,감만동
감만,감만동
감문면,감문면
감문,감문면
감물면,감물면
감물,감물면
감북동,감북동
감북,감북동
감삼동,감삼동
감삼,감삼동
감이동,감이동
감이,감이동
감일동,감일동
감일,감일동
감전1동,감전1동
감전1,감전1동
감전2동,감전2동
감전2,감전2동
감전동,감전동
감전,감전동
감전리,감전리
감정동,감정동
감정,감정동
감천1동,감천1동
감천1,감천1동
감천2동,감천2동
감천2,감천2동
감천동,감천동
감천,감천동
감천면,감천면
감천,감천면
감포읍,감포읍
감포,감포읍
감호동,감호동
감호,감호동
갑동,갑동
갑,갑동
갑제동,갑제동
갑제,갑제동
갑천면,갑천면
갑천,갑천면
강경읍,강경읍
강경,강경읍
강구면,강구면
강구,강구면
강남동,강남동
강남,강남동
강내면,강내면
강내,강내면
강동,강동
강,강동
강동동,강동동
강동,강동동
강동면,강동면
강동,강동면
강림면,강림면
강림,강림면
강매동,강매동
강매,강매동
강문동,강문동
강문,강문동
강산동,강산동
강산,강산동
강상면,강상면
강상,강상면
강서1동,강서1동
강서1,강서1동
강서2동,강서2동
강서2,강서2동
강서동,강서동
강서,강서동
강서면,강서면
강서,강서면
강외면,강외면
강외,강외면
강일동,강일동
강일,강일동
강정동,강정동
강정,강정동
강제동,강제동
강제,강제동
강진면,강진면
강진,강진면
강진읍,강진읍
강진,강진읍
강천면,강천면
강천,강천면
강하면,강하면
강하,강하면
강현면,강현면
강현,강현면
강화면,강화면
강화,강화면
강화읍,강화읍
강화,강화읍
강흥동,강흥동
강흥,강흥동
개군면,개군면
개군,개군면
개금1동,개금1동
개금1,개금1동
개금2동,개금2동
개금2,개금2동
개금3동,개금3동
개금3,개금3동
개금동,개금동
개금,개금동
개령면,개령면
개령,개령면
개복동,개복동
개복,개복동
개봉1동,개봉1동
개봉1,개봉1동
개봉2동,개봉2동
개봉2,개봉2동
개봉3동,개봉3동
개봉3,개봉3동
개봉동,개봉동
개봉,개봉동
개사동,개사동
개사,개사동
개신동,개신동
개신,개신동
개운동,개운동
개운,개운동
개정동,개정동
개정,개정동
개정면,개정면
개정,개정면
개진면,개진면
개진,개진면
개천면,개천면
개천,개천면
개포1동,개포1동
개포1,개포1동
개포2동,개포2동
개포2,개포2동
개포3동,개포3동
개포3,개포3동
개포4동,개포4동
개포4,개포4동
개포동,개포동
개포,개포동
개포면,개포면
개포,개포면
개화동,개화동
개화,개화동
거동동,거동동
거동,거동동
거류면,거류면
거류,거류면
거모동,거모동
거모,거모동
거여동,거여동
거여,거여동
거의동,거의동
거의,거의동
거제1동,거제1동
거제1,거제1동
거제2동,거제2동
거제2,거제2동
거제3동,거제3동
거제3,거제3동
거제4동,거제4동
거제4,거제4동
거제동,거제동
거제,거제동
거제면,거제면
거제,거제면
거진면,거진면
거진,거진면
거진읍,거진읍
거진,거진읍
거창읍,거창읍
거창,거창읍
건건동,건건동
건건,건건동
건입동,건입동
건입,건입동
건지동,건지동
건지,건지동
건천읍,건천읍
건천,건천읍
걸산동,걸산동
걸산,걸산동
걸포동,걸포동
걸포,걸포동
검단동,검단동
검단,검단동
검단면,검단면
검단,검단면
검사동,검사동
검사,검사동
검산동,검산동
검산,검산동
검상동,검상동
검상,검상동
검암동,검암동
검암,검암동
견소동,견소동
견소,견소동
견지동,견지동
견지,견지동
결성면,결성면
결성,결성면
겸면,겸면
겸,겸면
겸백면,겸백면
겸백,겸백면
경동,경동
경,경동
경동1가,경동1가
경동2가,경동2가
경산읍,경산읍
경산,경산읍
경서동,경서동
경서,경서동
경안동,경안동
경안,경안동
경암동,경암동
경암,경암동
경운동,경운동
경운,경운동
경원동,경원동
경원,경원동
경원동1가,경원동1가
경원동2가,경원동2가
경원동3가,경원동3가
경장동,경장동
경장,경장동
경천면,경천면
경천,경천면
경현동,경현동
경현,경현동
경호동,경호동
경호,경호동
경화1가동,경화1가동
경화1가,경화1가동
경화2가동,경화2가동
경화2가,경화2가동
경화3가동,경화3가동
경화3가,경화3가동
경화동,경화동
경화,경화동
계곡면,계곡면
계곡,계곡면
계남면,계남면
계남,계남면
계내면,계내면
계내,계내면
계동,계동
계,계동
계룡면,계룡면
계룡,계룡면
계림1동,계림1동
계림1,계림1동
계림2동,계림2동
계림2,계림2동
계림3동,계림3동
계림3,계림3동
계림동,계림동
계림,계림동
계문동,계문동
계문,계문동
계북면,계북면
계북,계북면
계산동,계산동
계산,계산동
계산동1가,계산동1가
계산동1동,계산동1동
계산동1,계산동1동
계산동2가,계산동2가
계산동2동,계산동2동
계산동2,계산동2동
계성면,계성면
계성,계성면
계수동,계수동
계수,계수동
계양동,계양동
계양,계양동
계양면,계양면
계양,계양면
계화면,계화면
계화,계화면
고강동,고강동
고강,고강동
고경면,고경면
고경,고경면
고군면,고군면
고군,고군면
고금면,고금면
고금,고금면
고기동,고기동
고기,고기동
고남면,고남면
고남,고남면
고달면,고달면
고달,고달면
고담동,고담동
고담,고담동
고대면,고대면
고대,고대면
고덕동,고덕동
고덕,고덕동
고덕면,고덕면
고덕,고덕면
고등동,고등동
고등,고등동
고랑동,고랑동
고랑,고랑동
고령면,고령면
고령,고령면
고령읍,고령읍
고령,고령읍
고로면,고로면
고로,고로면
고룡동,고룡동
고룡,고룡동
고림동,고림동
고림,고림동
고매동,고매동
고매,고매동
고명동,고명동
고명,고명동
고모동,고모동
고모,고모동
고부면,고부면
고부,고부면
고북면,고북면
고북,고북면
고사동,고사동
고사,고사동
고사동1가,고사동1가
고사동2가,고사동2가
고사리,고사리
고산1동,고산1동
고산1,고산1동
고산2동,고산2동
고산2,고산2동
고산동,고산동
고산,고산동
고산면,고산면
고산,고산면
고삼면,고삼면
고삼,고삼면
고색동,고색동
고색,고색동
고서면,고서면
고서,고서면
고성동,고성동
고성,고성동
고성동1가,고성동1가
고성동2가,고성동2가
고성동3가,고성동3가
고성읍,고성읍
고성,고성읍
고소동,고소동
고소,고소동
고수면,고수면
고수,고수면
고아면,고아면
고아,고아면
고아읍,고아읍
고아,고아읍
고암동,고암동
고암,고암동
고암면,고암면
고암,고암면
고양동,고양동
고양,고양동
고운동,고운동
고운,고운동
고읍동,고읍동
고읍,고읍동
고잔동,고잔동
고잔,고잔동
고전면,고전면
고전,고전면
고제면,고제면
고제,고제면
고죽동,고죽동
고죽,고죽동
고창읍,고창읍
고창,고창읍
고척1동,고척1동
고척1,고척1동
고척2동,고척2동
고척2,고척2동
고척동,고척동
고척,고척동
고천동,고천동
고천,고천동
고촌면,고촌면
고촌,고촌면
고촌읍,고촌읍
고촌,고촌읍
고하동,고하동
고하,고하동
고한읍,고한읍
고한,고한읍
고현동,고현동
고현,고현동
고현면,고현면
고현,고현면
고흥면,고흥면
고흥,고흥면
고흥읍,고흥읍
고흥,고흥읍
곡반정동,곡반정동
곡반정,곡반정동
곡선동,곡선동
곡선,곡선동
곡성면,곡성면
곡성,곡성면
곡성읍,곡성읍
곡성,곡성읍
곤명면,곤명면
곤명,곤명면
곤양면,곤양면
곤양,곤양면
곤지암읍,곤지암읍
곤지암,곤지암읍
골약면,골약면
골약,골약면
공검면,공검면
공검,공검면
공근면,공근면
공근,공근면
공단동,공단동
공단,공단동
공덕1동,공덕1동
공덕1,공덕1동
공덕2동,공덕2동
공덕2,공덕2동
공덕동,공덕동
공덕,공덕동
공덕면,공덕면
공덕,공덕면
공도면,공도면
공도,공도면
공도읍,공도읍
공도,공도읍
공릉1동,공릉1동
공릉1,공릉1동
공릉2동,공릉2동
공릉2,공릉2동
공릉동,공릉동
공릉,공릉동
공산1동,공산1동
공산1,공산1동
공산2동,공산2동
공산2,공산2동
공산면,공산면
공산,공산면
공성면,공성면
공성,공성면
공세동,공세동
공세,공세동
공음면,공음면
공음,공음면
공주읍,공주읍
공주,공주읍
공촌동,공촌동
공촌,공촌동
공평동,공평동
공평,공평동
공항동,공항동
공항,공항동
공화동,공화동
공화,공화동
과교동,과교동
과교,과교동
과림동,과림동
과림,과림동
과역면,과역면
과역,과역면
과원동,과원동
과원,과원동
과전동,과전동
과전,과전동
과천동,과천동
과천,과천동
과천면,과천면
과천,과천면
과해동,과해동
과해,과해동
관고동,관고동
관고,관고동
관교동,관교동
관교,관교동
관동,관동
관,관동
관동1가,관동1가
관동2가,관동2가
관동3가,관동3가
관동동,관동동
관동,관동동
관문동,관문동
관문,관문동
관산동,관산동
관산,관산동
관산면,관산면
관산,관산면
관산읍,관산읍
관산,관산읍
관설동,관설동
관설,관설동
관수동,관수동
관수,관수동
관양동,관양동
관양,관양동
관음동,관음동
관음,관음동
관인면,관인면
관인,관인면
관저동,관저동
관저,관저동
관정동,관정동
관정,관정동
관철동,관철동
관철,관철동
관촉동,관촉동
관촉,관촉동
관촌면,관촌면
관촌,관촌면
관평동,관평동
관평,관평동
관훈동,관훈동
관훈,관훈동
광덕면,광덕면
광덕,광덕면
광도면,광도면
광도,광도면
광동,광동
광,광동
광동1가,광동1가
광동2가,광동2가
광동3가,광동3가
광명1동,광명1동
광명1,광명1동
광명2동,광명2동
광명2,광명2동
광명3동,광명3동
광명3,광명3동
광명4동,광명4동
광명4,광명4동
광명5동,광명5동
광명5,광명5동
광명6동,광명6동
광명6,광명6동
광명7동,광명7동
광명7,광명7동
광명동,광명동
광명,광명동
광무동,광무동
광무,광무동
광복동1가,광복동1가
광복동2가,광복동2가
광복동3가,광복동3가
광사동,광사동
광사,광사동
광산동,광산동
광산,광산동
광석동,광석동
광석,광석동
광석면,광석면
광석,광석면
광시면,광시면
광시,광시면
광안1동,광안1동
광안1,광안1동
광안2동,광안2동
광안2,광안2동
광안3동,광안3동
광안3,광안3동
광안4동,광안4동
광안4,광안4동
광안동,광안동
광안,광안동
광암동,광암동
광암,광암동
광양읍,광양읍
광양,광양읍
광영동,광영동
광영,광영동
광의면,광의면
광의,광의면
광장동,광장동
광장,광장동
광적면,광적면
광적,광적면
광주면,광주면
광주,광주면
광주읍,광주읍
광주,광주읍
광천동,광천동
광천,광천동
광천읍,광천읍
광천,광천읍
광치동,광치동
광치,광치동
광탄면,광탄면
광탄,광탄면
광평동,광평동
광평,광평동
광혜원면,광혜원면
광혜원,광혜원면
광화동,광화동
광화,광화동
광활면,광활면
광활,광활면
광희동1가,광희동1가
광희동2가,광희동2가
괘법동,괘법동
괘법,괘법동
괘법리,괘법리
괴곡동,괴곡동
괴곡,괴곡동
괴동,괴동
괴,괴동
괴동동,괴동동
괴동,괴동동
괴란동,괴란동
괴란,괴란동
괴산면,괴산면
괴산,괴산면
괴산읍,괴산읍
괴산,괴산읍
괴안동,괴안동
괴안,괴안동
괴연동,괴연동
괴연,괴연동
괴전동,괴전동
괴전,괴전동
괴정1동,괴정1동
괴정1,괴정1동
괴정2동,괴정2동
괴정2,괴정2동
괴정3동,괴정3동
괴정3,괴정3동
괴정4동,괴정4동
괴정4,괴정4동
괴정동,괴정동
괴정,괴정동
괴정리,괴정리
교1동,교1동
교1,교1동
교2동,교2동
교2,교2동
교남동,교남동
교남,교남동
교동,교동
교,교동
교동1가,교동1가
교동2가,교동2가
교동면,교동면
교동,교동면
교량동,교량동
교량,교량동
교문동,교문동
교문,교문동
교방동,교방동
교방,교방동
교북동,교북동
교북,교북동
교산동,교산동
교산,교산동
교암동,교암동
교암,교암동
교원동,교원동
교원,교원동
교촌동,교촌동
교촌,교촌동
교하동,교하동
교하,교하동
교하면,교하면
교하,교하면
교하읍,교하읍
교하,교하읍
교현1동,교현1동
교현1,교현1동
교현2동,교현2동
교현2,교현2동
교현동,교현동
교현,교현동
구갈동,구갈동
구갈,구갈동
구기동,구기동
구기,구기동
구도동,구도동
구도,구도동
구동,구동
구,구동
구랑동,구랑동
구랑,구랑동
구래동,구래동
구래,구래동
구례면,구례면
구례,구례면
구례읍,구례읍
구례,구례읍
구로1동,구로1동
구로1,구로1동
구로2동,구로2동
구로2,구로2동
구로3동,구로3동
구로3,구로3동
구로4동,구로4동
구로4,구로4동
구로5동,구로5동
구로5,구로5동
구로6동,구로6동
구로6,구로6동
구로동,구로동
구로,구로동
구룡동,구룡동
구룡,구룡동
구룡면,구룡면
구룡,구룡면
구룡포읍,구룡포읍
구룡포,구룡포읍
구리면,구리면
구리,구리면
구리읍,구리읍
구리,구리읍
구림면,구림면
구림,구림면
구만면,구만면
구만,구만면
구미동,구미동
구미,구미동
구미면,구미면
구미,구미면
구미읍,구미읍
구미,구미읍
구산동,구산동
구산,구산동
구산면,구산면
구산,구산면
구서1동,구서1동
구서1,구서1동
구서2동,구서2동
구서2,구서2동
구서동,구서동
구서,구서동
구서리,구서리
구성동,구성동
구성,구성동
구성면,구성면
구성,구성면
구성읍,구성읍
구성,구성읍
구소동,구소동
구소,구소동
구수동,구수동
구수,구수동
구암1동,구암1동
구암1,구암1동
구암2동,구암2동
구암2,구암2동
구암동,구암동
구암,구암동
구완동,구완동
구완,구완동
구운동,구운동
구운,구운동
구월1동,구월1동
구월1,구월1동
구월2동,구월2동
구월2,구월2동
구월동,구월동
구월,구월동
구유동,구유동
구유,구유동
구의1동,구의1동
구의1,구의1동
구의2동,구의2동
구의2,구의2동
구의동,구의동
구의,구의동
구이면,구이면
구이,구이면
구자곡면,구자곡면
구자곡,구자곡면
구정동,구정동
구정,구정동
구정면,구정면
구정,구정면
구좌면,구좌면
구좌,구좌면
구좌읍,구좌읍
구좌,구좌읍
구즉동,구즉동
구즉,구즉동
구즉면,구즉면
구즉,구즉면
구지면,구지면
구지,구지면
구천동,구천동
구천,구천동
구천면,구천면
구천,구천면
구파발동,구파발동
구파발,구파발동
구평동,구평동
구평,구평동
구포1동,구포1동
구포1,구포1동
구포2동,구포2동
구포2,구포2동
구포동,구포동
구포,구포동
구포리,구포리
구항면,구항면
구항,구항면
구호동,구호동
구호,구호동
구황동,구황동
구황,구황동
국동,국동
국,국동
국우동,국우동
국우,국우동
국토정중앙면,국토정중앙면
국토정중앙,국토정중앙면
군남면,군남면
군남,군남면
군내면,군내면
군내,군내면
군동면,군동면
군동,군동면
군문동,군문동
군문,군문동
군북면,군북면
군북,군북면
군서면,군서면
군서,군서면
군외면,군외면
군외,군외면
군위면,군위면
군위,군위면
군위읍,군위읍
군위,군위읍
군자동,군자동
군자,군자동
군자면,군자면
군자,군자면
군포1동,군포1동
군포1,군포1동
군포2동,군포2동
군포2,군포2동
군포읍,군포읍
군포,군포읍
궁내동,궁내동
궁내,궁내동
궁동,궁동
궁,궁동
궁류면,궁류면
궁류,궁류면
궁유면,궁유면
궁유,궁유면
궁정동,궁정동
궁정,궁정동
궁지동,궁지동
궁지,궁지동
궁촌동,궁촌동
궁촌,궁촌동
권곡동,권곡동
권곡,권곡동
권농동,권농동
권농,권농동
권선동,권선동
권선,권선동
궐동,궐동
궐,궐동
귀곡동,귀곡동
귀곡,귀곡동
귀래면,귀래면
귀래,귀래면
귀산동,귀산동
귀산,귀산동
귀운동,귀운동
귀운,귀운동
귀현동,귀현동
귀현,귀현동
규암면,규암면
규암,규암면
귤현동,귤현동
귤현,귤현동
근남면,근남면
근남,근남면
근덕면,근덕면
근덕,근덕면
근동면,근동면
근동,근동면
근북면,근북면
근북,근북면
근산동,근산동
근산,근산동
근화동,근화동
근화,근화동
근흥면,근흥면
근흥,근흥면
금가면,금가면
금가,금가면
금강동,금강동
금강,금강동
금강송면,금강송면
금강송,금강송면
금계동,금계동
금계,금계동
금고동,금고동
금고,금고동
금곡동,금곡동
금곡,금곡동
금곡동1동,금곡동1동
금곡동1,금곡동1동
금곡동2동,금곡동2동
금곡동2,금곡동2동
금곡리,금곡리
금곡면,금곡면
금곡,금곡면
금과면,금과면
금과,금과면
금광동,금광동
금광,금광동
금광면,금광면
금광,금광면
금구면,금구면
금구,금구면
금남동,금남동
금남,금남동
금남로1가,금남로1가
금남로1가동,금남로1가동
금남로1가,금남로1가동
금남로2가,금남로2가
금남로2가동,금남로2가동
금남로2가,금남로2가동
금남로3가,금남로3가
금남로3가동,금남로3가동
금남로3가,금남로3가동
금남로4가,금남로4가
금남로4가동,금남로4가동
금남로4가,금남로4가동
금남로5가,금남로5가
금남로5가동,금남로5가동
금남로5가,금남로5가동
금남면,금남면
금남,금남면
금노동,금노동
금노,금노동
금능동,금능동
금능,금능동
금당동,금당동
금당,금당동
금당면,금당면
금당,금당면
금동,금동
금,금동
금동1가,금동1가
금동2가,금동2가
금릉동,금릉동
금릉,금릉동
금마면,금마면
금마,금마면
금붕동,금붕동
금붕,금붕동
금사동,금사동
금사,금사동
금사면,금사면
금사,금사면
금산동,금산동
금산,금산동
금산면,금산면
금산,금산면
금산읍,금산읍
금산,금산읍
금상동,금상동
금상,금상동
금서면,금서면
금서,금서면
금석동,금석동
금석,금석동
금성동,금성동
금성,금성동
금성리,금성리
금성면,금성면
금성,금성면
금수강산면,금수강산면
금수강산,금수강산면
금수면,금수면
금수,금수면
금암1동,금암1동
금암1,금암1동
금암2동,금암2동
금암2,금암2동
금암동,금암동
금암,금암동
금오동,금오동
금오,금오동
금오리,금오리
금왕면,금왕면
금왕,금왕면
금왕읍,금왕읍
금왕,금왕읍
금이동,금이동
금이,금이동
금일면,금일면
금일,금일면
금일읍,금일읍
금일,금일읍
금전동,금전동
금전,금전동
금정동,금정동
금정,금정동
금정면,금정면
금정,금정면
금지면,금지면
금지,금지면
금창동,금창동
금창,금창동
금천동,금천동
금천,금천동
금천면,금천면
금천,금천면
금촌동,금촌동
금촌,금촌동
금촌읍,금촌읍
금촌,금촌읍
금탄동,금탄동
금탄,금탄동
금토동,금토동
금토,금토동
금학동,금학동
금학,금학동
금호동,금호동
금호,금호동
금호동1가,금호동1가
금호동2가,금호동2가
금호동3가,금호동3가
금호동4가,금호동4가
금호면,금호면
금호,금호면
금호읍,금호읍
금호,금호읍
금화동,금화동
금화,금화동
금흥동,금흥동
금흥,금흥동
기계면,기계면
기계,기계면
기린면,기린면
기린,기린면
기북면,기북면
기북,기북면
기산동,기산동
기산,기산동
기산면,기산면
기산,기산면
기성동,기성동
기성,기성동
기성면,기성면
기성,기성면
기안동,기안동
기안,기안동
기장면,기장면
기장,기장면
기장읍,기장읍
기장,기장읍
기흥면,기흥면
기흥,기흥면
기흥읍,기흥읍
기흥,기흥읍
길곡면,길곡면
길곡,길곡면
길동,길동
길,길동
길상면,길상면
길상,길상면
길안면,길안면
길안,길안면
길음1동,길음1동
길음1,길음1동
길음2동,길음2동
길음2,길음2동
길음3동,길음3동
길음3,길음3동
길음동,길음동
길음,길음동
김량장동,김량장동
김량장,김량장동
김삿갓면,김삿갓면
김삿갓,김삿갓면
김제읍,김제읍
김제,김제읍
김포면,김포면
김포,김포면
김포읍,김포읍
김포,김포읍
김해읍,김해읍
김해,김해읍
김화읍,김화읍
김화,김화읍
나산면,나산면
나산,나산면
나성동,나성동
나성,나성동
나안동,나안동
나안,나안동
나운동,나운동
나운,나운동
나주읍,나주읍
나주,나주읍
나포면,나포면
나포,나포면
낙동면,낙동면
낙동,낙동면
낙민동,낙민동
낙민,낙민동
낙상동,낙상동
낙상,낙상동
낙생면,낙생면
낙생,낙생면
낙서면,낙서면
낙서,낙서면
낙안면,낙안면
낙안,낙안면
낙양동,낙양동
낙양,낙양동
낙양리,낙양리
낙원동,낙원동
낙원,낙원동
낙월면,낙월면
낙월,낙월면
낙포동,낙포동
낙포,낙포동
난곡동,난곡동
난곡,난곡동
난봉동,난봉동
난봉,난봉동
남가좌1동,남가좌1동
남가좌1,남가좌1동
남가좌2동,남가좌2동
남가좌2,남가좌2동
남가좌동,남가좌동
남가좌,남가좌동
남고동,남고동
남고,남고동
남곡동,남곡동
남곡,남곡동
남교동,남교동
남교,남교동
남금동,남금동
남금,남금동
남내동,남내동
남내,남내동
남노송동,남노송동
남노송,남노송동
남대문로1가,남대문로1가
남대문로2가,남대문로2가
남대문로3가,남대문로3가
남대문로4가,남대문로4가
남대문로5가,남대문로5가
남동,남동
남,남동
남면,남면
남,남면
남목1동,남목1동
남목1,남목1동
남목2동,남목2동
남목2,남목2동
남문동,남문동
남문,남문동
남문로1가,남문로1가
남문로2가,남문로2가
남방동,남방동
남방,남방동
남부동,남부동
남부,남부동
남부면,남부면
남부,남부면
남부민1동,남부민1동
남부민1,남부민1동
남부민2동,남부민2동
남부민2,남부민2동
남부민3동,남부민3동
남부민3,남부민3동
남부민동,남부민동
남부민,남부민동
남북동,남북동
남북,남북동
남빈동,남빈동
남빈,남빈동
남사면,남사면
남사,남사면
남사읍,남사읍
남사,남사읍
남산1동,남산1동
남산1,남산1동
남산2동,남산2동
남산2,남산2동
남산3동,남산3동
남산3,남산3동
남산4동,남산4동
남산4,남산4동
남산동,남산동
남산,남산동
남산동1가,남산동1가
남산동2가,남산동2가
남산동3가,남산동3가
남산리,남산리
남산면,남산면
남산,남산면
남상면,남상면
남상,남상면
남선면,남선면
남선,남선면
남성동,남성동
남성,남성동
남성로,남성로
남수동,남수동
남수,남수동
남양동,남양동
남양,남양동
남양면,남양면
남양,남양면
남양읍,남양읍
남양,남양읍
남영동,남영동
남영,남영동
남외동,남외동
남외,남외동
남외리,남외리
남원동,남원동
남원,남원동
남원면,남원면
남원,남원면
남원읍,남원읍
남원,남원읍
남이면,남이면
남이,남이면
남일동,남일동
남일,남일동
남일면,남일면
남일,남일면
남장동,남장동
남장,남장동
남적동,남적동
남적,남적동
남정동,남정동
남정,남정동
남정면,남정면
남정,남정면
남제동,남제동
남제,남제동
남종면,남종면
남종,남종면
남주동,남주동
남주,남주동
남중1가동,남중1가동
남중1가,남중1가동
남중2가동,남중2가동
남중2가,남중2가동
남중동,남중동
남중,남중동
남지동,남지동
남지,남지동
남지면,남지면
남지,남지면
남지읍,남지읍
남지,남지읍
남창동,남창동
남창,남창동
남천1동,남천1동
남천1,남천1동
남천2동,남천2동
남천2,남천2동
남천동,남천동
남천,남천동
남천면,남천면
남천,남천면
남촌동,남촌동
남촌,남촌동
남통동,남통동
남통,남통동
남평면,남평면
남평,남평면
남평읍,남평읍
남평,남평읍
남포동,남포동
남포,남포동
남포동1가,남포동1가
남포동2가,남포동2가
남포동3가,남포동3가
남포동4가,남포동4가
남포동5가,남포동5가
남포동6가,남포동6가
남포면,남포면
남포,남포면
남하면,남하면
남하,남하면
남학동,남학동
남학,남학동
남한산성면,남한산성면
남한산성,남한산성면
남항동1가,남항동1가
남항동2가,남항동2가
남항동3가,남항동3가
남항진동,남항진동
남항진,남항진동
남해면,남해면
남해,남해면
남해읍,남해읍
남해,남해읍
남향동,남향동
남향,남향동
남현동,남현동
남현,남현동
남화동,남화동
남화,남화동
남화리,남화리
남후면,남후면
남후,남후면
낭산면,낭산면
낭산,낭산면
낭성면,낭성면
낭성,낭성면
낭월동,낭월동
낭월,낭월동
내가면,내가면
내가,내가면
내경동,내경동
내경,내경동
내곡동,내곡동
내곡,내곡동
내관동,내관동
내관,내관동
내남동,내남동
내남,내남동
내남면,내남면
내남,내남면
내당1동,내당1동
내당1,내당1동
내당2동,내당2동
내당2,내당2동
내당3동,내당3동
내당3,내당3동
내당4동,내당4동
내당4,내당4동
내당동,내당동
내당,내당동
내덕1동,내덕1동
내덕1,내덕1동
내덕2동,내덕2동
내덕2,내덕2동
내덕동,내덕동
내덕,내덕동
내도동,내도동
내도,내도동
내동,내동
내,내동
내동리,내동리
내동면,내동면
내동,내동면
내리동,내리동
내리,내리동
내면,내면
내,내면
내발산동,내발산동
내발산,내발산동
내방동,내방동
내방,내방동
내북면,내북면
내북,내북면
내사면,내사면
내사,내사면
내산동,내산동
내산,내산동
내산면,내산면
내산,내산면
내삼미동,내삼미동
내삼미,내삼미동
내삼학동,내삼학동
내삼학,내삼학동
내서면,내서면
내서,내서면
내서읍,내서읍
내서,내서읍
내속리면,내속리면
내속리,내속리면
내손1동,내손1동
내손1,내손1동
내손2동,내손2동
내손2,내손2동
내손동,내손동
내손,내손동
내수동,내수동
내수,내수동
내수읍,내수읍
내수,내수읍
내외동,내외동
내외,내외동
내유동,내유동
내유,내유동
내이동,내이동
내이,내이동
내일동,내일동
내일,내일동
내자동,내자동
내자,내자동
내장동,내장동
내장,내장동
내장면,내장면
내장,내장면
내척동,내척동
내척,내척동
내초동,내초동
내초,내초동
내촌면,내촌면
내촌,내촌면
내탑동,내탑동
내탑,내탑동
내항동,내항동
내항,내항동
내행동,내행동
내행,내행동
내환동,내환동
내환,내환동
내흥동,내흥동
내흥,내흥동
냉림동,냉림동
냉림,냉림동
냉천동,냉천동
냉천,냉천동
노고산동,노고산동
노고산,노고산동
노곡동,노곡동
노곡,노곡동
노곡면,노곡면
노곡,노곡면
노대동,노대동
노대,노대동
노동동,노동동
노동,노동동
노동면,노동면
노동,노동면
노량진1동,노량진1동
노량진1,노량진1동
노량진2동,노량진2동
노량진2,노량진2동
노량진동,노량진동
노량진,노량진동
노룡동,노룡동
노룡,노룡동
노변동,노변동
노변,노변동
노서동,노서동
노서,노서동
노성면,노성면
노성,노성면
노안면,노안면
노안,노안면
노암동,노암동
노암,노암동
노오지동,노오지동
노오지,노오지동
노온사동,노온사동
노온사,노온사동
노원3가1동,노원3가1동
노원3가1,노원3가1동
노원3가2동,노원3가2동
노원3가2,노원3가2동
노원동1가,노원동1가
노원동2가,노원동2가
노원동3가,노원동3가
노유동,노유동
노유,노유동
노은동,노은동
노은,노은동
노은면,노은면
노은,노은면
노포동,노포동
노포,노포동
노포리,노포리
노하동,노하동
노하,노하동
노학동,노학동
노학,노학동
노해면,노해면
노해,노해면
노형동,노형동
노형,노형동
노화면,노화면
노화,노화면
노화읍,노화읍
노화,노화읍
녹번동,녹번동
녹번,녹번동
녹산동,녹산동
녹산,녹산동
녹산면,녹산면
녹산,녹산면
녹양동,녹양동
녹양,녹양동
녹양리,녹양리
녹전동,녹전동
녹전,녹전동
녹전면,녹전면
녹전,녹전면
논곡동,논곡동
논곡,논곡동
논공면,논공면
논공,논공면
논공읍,논공읍
논공,논공읍
논산읍,논산읍
논산,논산읍
논현동,논현동
논현,논현동
논현동1동,논현동1동
논현동1,논현동1동
논현동2동,논현동2동
논현동2,논현동2동
농서동,농서동
농서,농서동
농성1동,농성1동
농성1,농성1동
농성2동,농성2동
농성2,농성2동
농성동,농성동
농성,농성동
농소동,농소동
농소,농소동
농소면,농소면
농소,농소면
농소읍,농소읍
농소,농소읍
농암면,농암면
농암,농암면
농촌동,농촌동
농촌,농촌동
누리동,누리동
누리,누리동
누문동,누문동
누문,누문동
누상동,누상동
누상,누상동
누읍동,누읍동
누읍,누읍동
누하동,누하동
누하,누하동
눌차동,눌차동
눌차,눌차동
늑도동,늑도동
늑도,늑도동
능곡동,능곡동
능곡,능곡동
능동,능동
능,능동
능서면,능서면
능서,능서면
능성동,능성동
능성,능성동
능주면,능주면
능주,능주면
능평동,능평동
능평,능평동
능포동,능포동
능포,능포동
능현동,능현동
능현,능현동
다가동,다가동
다가,다가동
다가동1가,다가동1가
다가동2가,다가동2가
다가동3가,다가동3가
다가동4가,다가동4가
다남동,다남동
다남,다남동
다대동,다대동
다대,다대동
다도면,다도면
다도,다도면
다동,다동
다,다동
다래동,다래동
다래,다래동
다방동,다방동
다방,다방동
다사면,다사면
다사,다사면
다사읍,다사읍
다사,다사읍
다산동,다산동
다산,다산동
다산면,다산면
다산,다산면
다솜동,다솜동
다솜,다솜동
다수동,다수동
다수,다수동
다시면,다시면
다시,다시면
다압면,다압면
다압,다압면
다운동,다운동
다운,다운동
다운리,다운리
다율동,다율동
다율,다율동
다인면,다인면
다인,다인면
다정동,다정동
다정,다정동
단계동,단계동
단계,단계동
단구동,단구동
단구,단구동
단대1동,단대1동
단대1,단대1동
단대2동,단대2동
단대2,단대2동
단대3동,단대3동
단대3,단대3동
단대4동,단대4동
단대4,단대4동
단대동,단대동
단대,단대동
단밀면,단밀면
단밀,단밀면
단봉동,단봉동
단봉,단봉동
단북면,단북면
단북,단북면
단산동,단산동
단산,단산동
단산면,단산면
단산,단산면
단성면,단성면
단성,단성면
단양면,단양면
단양,단양면
단양읍,단양읍
단양,단양읍
단월동,단월동
단월,단월동
단월면,단월면
단월,단월면
단장면,단장면
단장,단장면
단촌면,단촌면
단촌,단촌면
단현동,단현동
단현,단현동
달동,달동
달,달동
달리,달리
달방동,달방동
달방,달방동
달산면,달산면
달산,달산면
달성동,달성동
달성,달성동
달천동,달천동
달천,달천동
담산동,담산동
담산,담산동
담양읍,담양읍
담양,담양읍
답동,답동
답,답동
답십리1동,답십리1동
답십리1,답십리1동
답십리2동,답십리2동
답십리2,답십리2동
답십리3동,답십리3동
답십리3,답십리3동
답십리4동,답십리4동
답십리4,답십리4동
답십리5동,답십리5동
답십리5,답십리5동
답십리동,답십리동
답십리,답십리동
당감1동,당감1동
당감1,당감1동
당감2동,당감2동
당감2,당감2동
당감3동,당감3동
당감3,당감3동
당감4동,당감4동
당감4,당감4동
당감동,당감동
당감,당감동
당동,당동
당,당동
당리동,당리동
당리,당리동
당북동,당북동
당북,당북동
당사동,당사동
당사,당사동
당산1동,당산1동
당산1,당산1동
당산2동,당산2동
당산2,당산2동
당산동,당산동
당산,당산동
당산동1가,당산동1가
당산동2가,당산동2가
당산동3가,당산동3가
당산동4가,당산동4가
당산동5가,당산동5가
당산동6가,당산동6가
당수동,당수동
당수,당수동
당왕동,당왕동
당왕,당왕동
당인동,당인동
당인,당인동
당저동,당저동
당저,당저동
당정동,당정동
당정,당정동
당주동,당주동
당주,당주동
당진면,당진면
당진,당진면
당진읍,당진읍
당진,당진읍
당하동,당하동
당하,당하동
대가면,대가면
대가,대가면
대가야읍,대가야읍
대가야,대가야읍
대강면,대강면
대강,대강면
대곡동,대곡동
대곡,대곡동
대곡면,대곡면
대곡,대곡면
대곳면,대곳면
대곳,대곳면
대곶면,대곶면
대곶,대곶면
대관동,대관동
대관,대관동
대관령면,대관령면
대관령,대관령면
대광동,대광동
대광,대광동
대교동,대교동
대교,대교동
대교동1가,대교동1가
대교동2가,대교동2가
대교로1가,대교로1가
대교로2가,대교로2가
대교로3가,대교로3가
대교로4가,대교로4가
대교로5가,대교로5가
대구동,대구동
대구,대구동
대구면,대구면
대구,대구면
대금동,대금동
대금,대금동
대기동,대기동
대기,대기동
대내동,대내동
대내,대내동
대대동,대대동
대대,대대동
대덕동,대덕동
대덕,대덕동
대덕면,대덕면
대덕,대덕면
대덕읍,대덕읍
대덕,대덕읍
대도동,대도동
대도,대도동
대동,대동
대,대동
대동1동,대동1동
대동1,대동1동
대동2동,대동2동
대동2,대동2동
대동면,대동면
대동,대동면
대랑동,대랑동
대랑,대랑동
대룡동,대룡동
대룡,대룡동
대륜동,대륜동
대륜,대륜동
대림1동,대림1동
대림1,대림1동
대림2동,대림2동
대림2,대림2동
대림3동,대림3동
대림3,대림3동
대림동,대림동
대림,대림동
대마면,대마면
대마,대마면
대명10동,대명10동
대명10,대명10동
대명11동,대명11동
대명11,대명11동
대명1동,대명1동
대명1,대명1동
대명2동,대명2동
대명2,대명2동
대명3동,대명3동
대명3,대명3동
대명4동,대명4동
대명4,대명4동
대명5동,대명5동
대명5,대명5동
대명6동,대명6동
대명6,대명6동
대명7동,대명7동
대명7,대명7동
대명8동,대명8동
대명8,대명8동
대명9동,대명9동
대명9,대명9동
대명동,대명동
대명,대명동
대반동,대반동
대반,대반동
대방동,대방동
대방,대방동
대별동,대별동
대별,대별동
대병면,대병면
대병,대병면
대보면,대보면
대보,대보면
대봉1동,대봉1동
대봉1,대봉1동
대봉2동,대봉2동
대봉2,대봉2동
대봉동,대봉동
대봉,대봉동
대부남동,대부남동
대부남,대부남동
대부동동,대부동동
대부동,대부동동
대부면,대부면
대부,대부면
대부북동,대부북동
대부북,대부북동
대사동,대사동
대사,대사동
대사리,대사리
대산동,대산동
대산,대산동
대산면,대산면
대산,대산면
대산읍,대산읍
대산,대산읍
대서면,대서면
대서,대서면
대석동,대석동
대석,대석동
대성1동,대성1동
대성1,대성1동
대성2동,대성2동
대성2,대성2동
대성동,대성동
대성,대성동
대성동1가,대성동1가
대성동2가,대성동2가
대소면,대소면
대소,대소면
대소원면,대소원면
대소원,대소원면
대송면,대송면
대송,대송면
대술면,대술면
대술,대술면
대신1동,대신1동
대신1,대신1동
대신2동,대신2동
대신2,대신2동
대신동,대신동
대신,대신동
대신면,대신면
대신,대신면
대안동,대안동
대안,대안동
대야동,대야동
대야,대야동
대야면,대야면
대야,대야면
대야미동,대야미동
대야미,대야미동
대양동,대양동
대양,대양동
대양면,대양면
대양,대양면
대연1동,대연1동
대연1,대연1동
대연2동,대연2동
대연2,대연2동
대연3동,대연3동
대연3,대연3동
대연4동,대연4동
대연4,대연4동
대연5동,대연5동
대연5,대연5동
대연6동,대연6동
대연6,대연6동
대연동,대연동
대연,대연동
대영동,대영동
대영,대영동
대왕면,대왕면
대왕,대왕면
대외동,대외동
대외,대외동
대원동,대원동
대원,대원동
대월면,대월면
대월,대월면
대응동,대응동
대응,대응동
대의동,대의동
대의,대의동
대의동1가,대의동1가
대의동2가,대의동2가
대의동3가,대의동3가
대의면,대의면
대의,대의면
대이동,대이동
대이,대이동
대인동,대인동
대인,대인동
대일동,대일동
대일,대일동
대자동,대자동
대자,대자동
대잠동,대잠동
대잠,대잠동
대장동,대장동
대장,대장동
대저1동,대저1동
대저1,대저1동
대저2동,대저2동
대저2,대저2동
대저면,대저면
대저,대저면
대저읍,대저읍
대저,대저읍
대저이동,대저이동
대저이,대저이동
대저일동,대저일동
대저일,대저일동
대전동,대전동
대전,대전동
대전면,대전면
대전,대전면
대정동,대정동
대정,대정동
대정읍,대정읍
대정,대정읍
대조동,대조동
대조,대조동
대죽동,대죽동
대죽,대죽동
대지동,대지동
대지,대지동
대지리,대지리
대지면,대지면
대지,대지면
대진동,대진동
대진,대진동
대창동,대창동
대창,대창동
대창동1가,대창동1가
대창동2가,대창동2가
대창동3가,대창동3가
대창면,대창면
대창,대창면
대천동,대천동
대천,대천동
대천면,대천면
대천,대천면
대천읍,대천읍
대천,대천읍
대청동,대청동
대청,대청동
대청동1가,대청동1가
대청동2가,대청동2가
대청동3가,대청동3가
대청동4가,대청동4가
대청면,대청면
대청,대청면
대촌동,대촌동
대촌,대촌동
대촌리,대촌리
대촌면,대촌면
대촌,대촌면
대치1동,대치1동
대치1,대치1동
대치2동,대치2동
대치2,대치2동
대치3동,대치3동
대치3,대치3동
대치4동,대치4동
대치4,대치4동
대치동,대치동
대치,대치동
대치면,대치면
대치,대치면
대평동,대평동
대평,대평동
대평동1가,대평동1가
대평동2가,대평동2가
대평면,대평면
대평,대평면
대포동,대포동
대포,대포동
대합면,대합면
대합,대합면
대항동,대항동
대항,대항동
대항면,대항면
대항,대항면
대현1동,대현1동
대현1,대현1동
대현2동,대현2동
대현2,대현2동
대현3동,대현3동
대현3,대현3동
대현동,대현동
대현,대현동
대현면,대현면
대현,대현면
대호동,대호동
대호,대호동
대호지면,대호지면
대호지,대호지면
대화동,대화동
대화,대화동
대화리,대화리
대화면,대화면
대화,대화면
대황교동,대황교동
대황교,대황교동
대흥1동,대흥1동
대흥1,대흥1동
대흥2동,대흥2동
대흥2,대흥2동
대흥3동,대흥3동
대흥3,대흥3동
대흥동,대흥동
대흥,대흥동
대흥동(두번),대흥동(두번)
대흥면,대흥면
대흥,대흥면
덕계동,덕계동
덕계,덕계동
덕곡동,덕곡동
덕곡,덕곡동
덕곡면,덕곡면
덕곡,덕곡면
덕과면,덕과면
덕과,덕과면
덕교동,덕교동
덕교,덕교동
덕기동,덕기동
덕기,덕기동
덕남동,덕남동
덕남,덕남동
덕동,덕동
덕,덕동
덕동동,덕동동
덕동,덕동동
덕두리,덕두리
덕림동,덕림동
덕림,덕림동
덕명동,덕명동
덕명,덕명동
덕산동,덕산동
덕산,덕산동
덕산면,덕산면
덕산,덕산면
덕산읍,덕산읍
덕산,덕산읍
덕수동,덕수동
덕수,덕수동
덕암동,덕암동
덕암,덕암동
덕연동,덕연동
덕연,덕연동
덕월동,덕월동
덕월,덕월동
덕은동,덕은동
덕은,덕은동
덕의동,덕의동
덕의,덕의동
덕의리,덕의리
덕이동,덕이동
덕이,덕이동
덕적면,덕적면
덕적,덕적면
덕정동,덕정동
덕정,덕정동
덕지동,덕지동
덕지,덕지동
덕지천동,덕지천동
덕지천,덕지천동
덕진동,덕진동
덕진,덕진동
덕진동1가,덕진동1가
덕진동2가,덕진동2가
덕진면,덕진면
덕진,덕진면
덕천1동,덕천1동
덕천1,덕천1동
덕천2동,덕천2동
덕천2,덕천2동
덕천동,덕천동
덕천,덕천동
덕천리,덕천리
덕천면,덕천면
덕천,덕천면
덕충동,덕충동
덕충,덕충동
덕치면,덕치면
덕치,덕치면
덕포1동,덕포1동
덕포1,덕포1동
덕포2동,덕포2동
덕포2,덕포2동
덕포동,덕포동
덕포,덕포동
덕포리,덕포리
덕풍1동,덕풍1동
덕풍1,덕풍1동
덕풍2동,덕풍2동
덕풍2,덕풍2동
덕풍3동,덕풍3동
덕풍3,덕풍3동
덕풍동,덕풍동
덕풍,덕풍동
덕흥동,덕흥동
덕흥,덕흥동
도개면,도개면
도개,도개면
도경동,도경동
도경,도경동
도계동,도계동
도계,도계동
도계읍,도계읍
도계,도계읍
도고면,도고면
도고,도고면
도곡1동,도곡1동
도곡1,도곡1동
도곡2동,도곡2동
도곡2,도곡2동
도곡동,도곡동
도곡,도곡동
도곡면,도곡면
도곡,도곡면
도금동,도금동
도금,도금동
도기동,도기동
도기,도기동
도남1동,도남1동
도남1,도남1동
도남2동,도남2동
도남2,도남2동
도남동,도남동
도남,도남동
도내동,도내동
도내,도내동
도농동,도농동
도농,도농동
도담동,도담동
도담,도담동
도당동,도당동
도당,도당동
도덕동,도덕동
도덕,도덕동
도덕면,도덕면
도덕,도덕면
도도동,도도동
도도,도도동
도도리,도도리
도동,도동
도,도동
도동1가,도동1가
도동2가,도동2가
도동동,도동동
도동,도동동
도두동,도두동
도두,도두동
도두이동,도두이동
도두이,도두이동
도두일동,도두일동
도두일,도두일동
도량동,도량동
도량,도량동
도련이동,도련이동
도련이,도련이동
도련일동,도련일동
도련일,도련일동
도렴동,도렴동
도렴,도렴동
도룡동,도룡동
도룡,도룡동
도림1동,도림1동
도림1,도림1동
도림2동,도림2동
도림2,도림2동
도림동,도림동
도림,도림동
도마1동,도마1동
도마1,도마1동
도마2동,도마2동
도마2,도마2동
도마교동,도마교동
도마교,도마교동
도마동,도마동
도마,도마동
도마리,도마리
도만동,도만동
도만,도만동
도문동,도문동
도문,도문동
도봉1동,도봉1동
도봉1,도봉1동
도봉2동,도봉2동
도봉2,도봉2동
도봉동,도봉동
도봉,도봉동
도산동,도산동
도산,도산동
도산면,도산면
도산,도산면
도선동,도선동
도선,도선동
도순동,도순동
도순,도순동
도안동,도안동
도안,도안동
도안면,도안면
도안,도안면
도암면,도암면
도암,도암면
도양면,도양면
도양,도양면
도양읍,도양읍
도양,도양읍
도원동,도원동
도원,도원동
도원동(桃園),도원동(桃園)
도원동(桃源),도원동(桃源)
도이동,도이동
도이,도이동
도일동,도일동
도일,도일동
도장동,도장동
도장,도장동
도지동,도지동
도지,도지동
도창동,도창동
도창,도창동
도척면,도척면
도척,도척면
도천동,도천동
도천,도천동
도천면,도천면
도천,도천면
도초면,도초면
도초,도초면
도촌동,도촌동
도촌,도촌동
도촌동(道村),도촌동(道村)
도촌동(陶村),도촌동(陶村)
도통동,도통동
도통,도통동
도평동,도평동
도평,도평동
도포면,도포면
도포,도포면
도학동,도학동
도학,도학동
도호동,도호동
도호,도호동
도화1동,도화1동
도화1,도화1동
도화2동,도화2동
도화2,도화2동
도화3동,도화3동
도화3,도화3동
도화동,도화동
도화,도화동
도화동1동,도화동1동
도화동1,도화동1동
도화동2동,도화동2동
도화동2,도화동2동
도화면,도화면
도화,도화면
독곡동,독곡동
독곡,독곡동
독산1동,독산1동
독산1,독산1동
독산2동,독산2동
독산2,독산2동
독산3동,독산3동
독산3,독산3동
독산4동,독산4동
독산4,독산4동
독산동,독산동
독산,독산동
독산본동,독산본동
독산본,독산본동
돈암1동,돈암1동
돈암1,돈암1동
돈암2동,돈암2동
돈암2,돈암2동
돈암동,돈암동
돈암,돈암동
돈의동,돈의동
돈의,돈의동
돌마면,돌마면
돌마,돌마면
돌산면,돌산면
돌산,돌산면
돌산읍,돌산읍
돌산,돌산읍
동강면,동강면
동강,동강면
동계면,동계면
동계,동계면
동곡면,동곡면
동곡,동곡면
동광동1가,동광동1가
동광동2가,동광동2가
동광동3가,동광동3가
동광동4가,동광동4가
동광동5가,동광동5가
동교동,동교동
동교,동교동
동구동,동구동
동구,동구동
동금동,동금동
동금,동금동
동남동,동남동
동남,동남동
동내동,동내동
동내,동내동
동내면,동내면
동내,동내면
동대동,동대동
동대,동대동
동대신동1가,동대신동1가
동대신동2가,동대신동2가
동대신동3가,동대신동3가
동동,동동
동,동동
동두천동,동두천동
동두천,동두천동
동두천읍,동두천읍
동두천,동두천읍
동량면,동량면
동량,동량면
동로면,동로면
동로,동로면
동리,동리
동림동,동림동
동림,동림동
동막동,동막동
동막,동막동
동면,동면
동,동면
동명1동,동명1동
동명1,동명1동
동명2동,동명2동
동명2,동명2동
동명동,동명동
동명,동명동
동명면,동명면
동명,동명면
동문동,동문동
동문,동문동
동방동,동방동
동방,동방동
동백동,동백동
동백,동백동
동변동,동변동
동변,동변동
동복면,동복면
동복,동복면
동본동,동본동
동본,동본동
동부동,동부동
동부,동부동
동부리,동부리
동부면,동부면
동부,동부면
동부읍,동부읍
동부,동부읍
동빈1가,동빈1가
동빈2가,동빈2가
동빈동,동빈동
동빈,동빈동
동빙고동,동빙고동
동빙고,동빙고동
동삭동,동삭동
동삭,동삭동
동산동,동산동
동산,동산동
동산면,동산면
동산,동산면
동삼1동,동삼1동
동삼1,동삼1동
동삼2동,동삼2동
동삼2,동삼2동
동삼동,동삼동
동삼,동삼동
동상동,동상동
동상,동상동
동상면,동상면
동상,동상면
동서금동,동서금동
동서금,동서금동
동서동,동서동
동서,동서동
동서학동,동서학동
동서학,동서학동
동선1동,동선1동
동선1,동선1동
동선2동,동선2동
동선2,동선2동
동선동,동선동
동선,동선동
동선동1가,동선동1가
동선동2가,동선동2가
동선동3가,동선동3가
동선동4가,동선동4가
동선동5가,동선동5가
동성동,동성동
동성,동성동
동성로1가,동성로1가
동성로2가,동성로2가
동성로3가,동성로3가
동소문동1가,동소문동1가
동소문동2가,동소문동2가
동소문동3가,동소문동3가
동소문동4가,동소문동4가
동소문동5가,동소문동5가
동소문동6가,동소문동6가
동소문동7가,동소문동7가
동소문동8가,동소문동8가
동송면,동송면
동송,동송면
동송읍,동송읍
동송,동송읍
동수동,동수동
동수,동수동
동숭동,동숭동
동숭,동숭동
동안동,동안동
동안,동안동
동양동,동양동
동양,동양동
동완산동,동완산동
동완산,동완산동
동완산동1가,동완산동1가
동완산동2가,동완산동2가
동외동,동외동
동외,동외동
동운1동,동운1동
동운1,동운1동
동운2동,동운2동
동운2,동운2동
동원동,동원동
동원,동원동
동읍,동읍
동,동읍
동이면,동이면
동이,동이면
동인3가동,동인3가동
동인3가,동인3가동
동인4가동,동인4가동
동인4가,동인4가동
동인동1가,동인동1가
동인동2가,동인동2가
동인동3가,동인동3가
동인동4가,동인동4가
동일동,동일동
동일,동일동
동일면,동일면
동일,동일면
동자동,동자동
동자,동자동
동작동,동작동
동작,동작동
동점동,동점동
동점,동점동
동정동,동정동
동정,동정동
동좌동,동좌동
동좌,동좌동
동진면,동진면
동진,동진면
동천동,동천동
동천,동천동
동촌동,동촌동
동촌,동촌동
동춘동,동춘동
동춘,동춘동
동충동,동충동
동충,동충동
동탄면,동탄면
동탄,동탄면
동패동,동패동
동패,동패동
동평동,동평동
동평,동평동
동해면,동해면
동해,동해면
동향면,동향면
동향,동향면
동현동,동현동
동현,동현동
동호동,동호동
동호,동호동
동홍동,동홍동
동홍,동홍동
동화면,동화면
동화,동화면
동회동,동회동
동회,동회동
동흥남동,동흥남동
동흥남,동흥남동
두곡동,두곡동
두곡,두곡동
두구동,두구동
두구,두구동
두구리,두구리
두대동,두대동
두대,두대동
두동,두동
두,두동
두동면,두동면
두동,두동면
두류1동,두류1동
두류1,두류1동
두류2동,두류2동
두류2,두류2동
두류3동,두류3동
두류3,두류3동
두류동,두류동
두류,두류동
두마면,두마면
두마,두마면
두모동,두모동
두모,두모동
두산동,두산동
두산,두산동
두서면,두서면
두서,두서면
두암동,두암동
두암,두암동
두왕동,두왕동
두왕,두왕동
두왕리,두왕리
두원면,두원면
두원,두원면
두월동1가,두월동1가
두월동2가,두월동2가
두월동3가,두월동3가
두정동,두정동
두정,두정동
두척동,두척동
두척,두척동
두촌면,두촌면
두촌,두촌면
두학동,두학동
두학,두학동
두호동,두호동
두호,두호동
둑실동,둑실동
둑실,둑실동
둔곡동,둔곡동
둔곡,둔곡동
둔남면,둔남면
둔남,둔남면
둔내면,둔내면
둔내,둔내면
둔대동,둔대동
둔대,둔대동
둔덕동,둔덕동
둔덕,둔덕동
둔덕면,둔덕면
둔덕,둔덕면
둔산동,둔산동
둔산,둔산동
둔산리,둔산리
둔율동,둔율동
둔율,둔율동
둔전동,둔전동
둔전,둔전동
둔촌동,둔촌동
둔촌,둔촌동
둔포면,둔포면
둔포,둔포면
득량동,득량동
득량,득량동
득량면,득량면
득량,득량면
득산동,득산동
득산,득산동
등봉동,등봉동
등봉,등봉동
등용동,등용동
등용,등용동
등임동,등임동
등임,등임동
등촌1동,등촌1동
등촌1,등촌1동
등촌2동,등촌2동
등촌2,등촌2동
등촌동,등촌동
등촌,등촌동
등화동,등화동
등화,등화동
마곡동,마곡동
마곡,마곡동
마달동,마달동
마달,마달동
마도동,마도동
마도,마도동
마도면,마도면
마도,마도면
마동,마동
마,마동
마두동,마두동
마두,마두동
마량면,마량면
마량,마량면
마령면,마령면
마령,마령면
마로면,마로면
마로,마로면
마륵동,마륵동
마륵,마륵동
마리면,마리면
마리,마리면
마북동,마북동
마북,마북동
마산동,마산동
마산,마산동
마산면,마산면
마산,마산면
마서면,마서면
마서,마서면
마성면,마성면
마성,마성면
마암면,마암면
마암,마암면
마장동,마장동
마장,마장동
마장면,마장면
마장,마장면
마전동,마전동
마전,마전동
마천동,마천동
마천,마천동
마천면,마천면
마천,마천면
마평동,마평동
마평,마평동
마포동,마포동
마포,마포동
막계동,막계동
막계,막계동
만경면,만경면
만경,만경면
만경읍,만경읍
만경,만경읍
만년동,만년동
만년,만년동
만덕동,만덕동
만덕,만덕동
만덕리,만덕리
만리동1가,만리동1가
만리동2가,만리동2가
만산동,만산동
만산,만산동
만석동,만석동
만석,만석동
만성동,만성동
만성,만성동
만송동,만송동
만송,만송동
만수1동,만수1동
만수1,만수1동
만수2동,만수2동
만수2,만수2동
만수3동,만수3동
만수3,만수3동
만수동,만수동
만수,만수동
만승면,만승면
만승,만승면
만우동,만우동
만우,만우동
만촌1동,만촌1동
만촌1,만촌1동
만촌2동,만촌2동
만촌2,만촌2동
만촌동,만촌동
만촌,만촌동
만호동,만호동
만호,만호동
만흥동,만흥동
만흥,만흥동
망경남동,망경남동
망경남,망경남동
망경동,망경동
망경,망경동
망경북동,망경북동
망경북,망경북동
망미1동,망미1동
망미1,망미1동
망미2동,망미2동
망미2,망미2동
망미동,망미동
망미,망미동
망상동,망상동
망상,망상동
망성면,망성면
망성,망성면
망우1동,망우1동
망우1,망우1동
망우2동,망우2동
망우2,망우2동
망우3동,망우3동
망우3,망우3동
망우동,망우동
망우,망우동
망운면,망운면
망운,망운면
망원1동,망원1동
망원1,망원1동
망원2동,망원2동
망원2,망원2동
망원동,망원동
망원,망원동
망월동,망월동
망월,망월동
망정동,망정동
망정,망정동
망제동,망제동
망제,망제동
망포동,망포동
망포,망포동
매곡동,매곡동
매곡,매곡동
매곡면,매곡면
매곡,매곡면
매교동,매교동
매교,매교동
매노동,매노동
매노,매노동
매룡동,매룡동
매룡,매룡동
매산동,매산동
매산,매산동
매산로1가,매산로1가
매산로2가,매산로2가
매산로3가,매산로3가
매송면,매송면
매송,매송면
매암동,매암동
매암,매암동
매암리,매암리
매여동,매여동
매여,매여동
매월동,매월동
매월,매월동
매전면,매전면
매전,매전면
매천동,매천동
매천,매천동
매탄동,매탄동
매탄,매탄동
매포면,매포면
매포,매포면
매포읍,매포읍
매포,매포읍
매향동,매향동
매향,매향동
매호동,매호동
매호,매호동
매화동,매화동
매화,매화동
매화면,매화면
매화,매화면
맥금동,맥금동
맥금,맥금동
맥도리,맥도리
맹동면,맹동면
맹동,맹동면
멱곡동,멱곡동
멱곡,멱곡동
면목1동,면목1동
면목1,면목1동
면목2동,면목2동
면목2,면목2동
면목3동,면목3동
면목3,면목3동
면목4동,면목4동
면목4,면목4동
면목5동,면목5동
면목5,면목5동
면목6동,면목6동
면목6,면목6동
면목7동,면목7동
면목7,면목7동
면목동,면목동
면목,면목동
면천면,면천면
면천,면천면
명곡동,명곡동
명곡,명곡동
명덕동,명덕동
명덕,명덕동
명도동,명도동
명도,명도동
명동,명동
명,명동
명동1가,명동1가
명동2가,명동2가
명륜1가,명륜1가
명륜1동,명륜1동
명륜1,명륜1동
명륜2가,명륜2가
명륜2동,명륜2동
명륜2,명륜2동
명륜3가,명륜3가
명륜4가,명륜4가
명륜동,명륜동
명륜,명륜동
명법동,명법동
명법,명법동
명산동,명산동
명산,명산동
명서동,명서동
명서,명서동
명석면,명석면
명석,명석면
명암동,명암동
명암,명암동
명일동,명일동
명일,명일동
명장동,명장동
명장,명장동
명정동,명정동
명정,명정동
명주동,명주동
명주,명주동
명지동,명지동
명지,명지동
명지면,명지면
명지,명지면
명천동,명천동
명천,명천동
명촌동,명촌동
명촌,명촌동
명촌리,명촌리
명호면,명호면
명호,명호면
명화동,명화동
명화,명화동
모가면,모가면
모가,모가면
모곡동,모곡동
모곡,모곡동
모동면,모동면
모동,모동면
모라동,모라동
모라,모라동
모라리,모라리
모산동,모산동
모산,모산동
모서면,모서면
모서,모서면
모암동,모암동
모암,모암동
모전동,모전동
모전,모전동
모종동,모종동
모종,모종동
모진동,모진동
모진,모진동
모충동,모충동
모충,모충동
모현동,모현동
모현,모현동
모현동1가,모현동1가
모현동2가,모현동2가
모현면,모현면
모현,모현면
모현읍,모현읍
모현,모현읍
목1동,목1동
목1,목1동
목2동,목2동
목2,목2동
목3동,목3동
목3,목3동
목4동,목4동
목4,목4동
목5동,목5동
목5,목5동
목감동,목감동
목감,목감동
목내동,목내동
목내,목내동
목달동,목달동
목달,목달동
목동,목동
목,목동
목동동,목동동
목동,목동동
목면,목면
목,목면
목벌동,목벌동
목벌,목벌동
목사동면,목사동면
목사동,목사동면
목상동,목상동
목상,목상동
목성동,목성동
목성,목성동
목천동,목천동
목천,목천동
목천면,목천면
목천,목천면
목천읍,목천읍
목천,목천읍
목행동,목행동
목행,목행동
목현동,목현동
목현,목현동
몽탄면,몽탄면
몽탄,몽탄면
묘도동,묘도동
묘도,묘도동
묘동,묘동
묘,묘동
묘량면,묘량면
묘량,묘량면
묘산면,묘산면
묘산,묘산면
무거동,무거동
무거,무거동
무거리,무거리
무계동,무계동
무계,무계동
무교동,무교동
무교,무교동
무룡동,무룡동
무룡,무룡동
무릉도원면,무릉도원면
무릉도원,무릉도원면
무릉동,무릉동
무릉,무릉동
무송동,무송동
무송,무송동
무수동,무수동
무수,무수동
무실동,무실동
무실,무실동
무악동,무악동
무악,무악동
무안동,무안동
무안,무안동
무안면,무안면
무안,무안면
무안읍,무안읍
무안,무안읍
무양동,무양동
무양,무양동
무을면,무을면
무을,무을면
무의동,무의동
무의,무의동
무장면,무장면
무장,무장면
무전동,무전동
무전,무전동
무정면,무정면
무정,무정면
무주면,무주면
무주,무주면
무주읍,무주읍
무주,무주읍
무지내동,무지내동
무지내,무지내동
무지동,무지동
무지,무지동
무태동,무태동
무태,무태동
무풍면,무풍면
무풍,무풍면
무학동,무학동
무학,무학동
묵1동,묵1동
묵1,묵1동
묵2동,묵2동
묵2,묵2동
묵동,묵동
묵,묵동
묵정동,묵정동
묵정,묵정동
묵호동,묵호동
묵호,묵호동
묵호읍,묵호읍
묵호,묵호읍
묵호진동,묵호진동
묵호진,묵호진동
문경면,문경면
문경,문경면
문경읍,문경읍
문경,문경읍
문곡동,문곡동
문곡,문곡동
문광면,문광면
문광,문광면
문내동,문내동
문내,문내동
문내면,문내면
문내,문내면
문당동,문당동
문당,문당동
문덕면,문덕면
문덕,문덕면
문동동,문동동
문동,문동동
문래1동,문래1동
문래1,문래1동
문래2동,문래2동
문래2,문래2동
문래동1가,문래동1가
문래동2가,문래동2가
문래동3가,문래동3가
문래동4가,문래동4가
문래동5가,문래동5가
문래동6가,문래동6가
문막면,문막면
문막,문막면
문막읍,문막읍
문막,문막읍
문무대왕면,문무대왕면
문무대왕,문무대왕면
문발동,문발동
문발,문발동
문배동,문배동
문배,문배동
문백면,문백면
문백,문백면
문봉동,문봉동
문봉,문봉동
문산면,문산면
문산,문산면
문산읍,문산읍
문산,문산읍
문성동,문성동
문성,문성동
문수동,문수동
문수,문수동
문수면,문수면
문수,문수면
문암동,문암동
문암,문암동
문외동,문외동
문외,문외동
문원동,문원동
문원,문원동
문의면,문의면
문의,문의면
문정동,문정동
문정,문정동
문지동,문지동
문지,문지동
문창1동,문창1동
문창1,문창1동
문창2동,문창2동
문창2,문창2동
문창동,문창동
문창,문창동
문척면,문척면
문척,문척면
문평동,문평동
문평,문평동
문평면,문평면
문평,문평면
문학동,문학동
문학,문학동
문현1동,문현1동
문현1,문현1동
문현2동,문현2동
문현2,문현2동
문현3동,문현3동
문현3,문현3동
문현4동,문현4동
문현4,문현4동
문현5동,문현5동
문현5,문현5동
문현동,문현동
문현,문현동
문형동,문형동
문형,문형동
문호동,문호동
문호,문호동
문화1동,문화1동
문화1,문화1동
문화2동,문화2동
문화2,문화2동
문화동,문화동
문화,문화동
문흥동,문흥동
문흥,문흥동
물금면,물금면
물금,물금면
물금읍,물금읍
물금,물금읍
물야면,물야면
물야,물야면
물왕동,물왕동
물왕,물왕동
미곡동,미곡동
미곡,미곡동
미근동,미근동
미근,미근동
미금면,미금면
미금,미금면
미금읍,미금읍
미금,미금읍
미대동,미대동
미대,미대동
미력면,미력면
미력,미력면
미로면,미로면
미로,미로면
미룡동,미룡동
미룡,미룡동
미면,미면
미,미면
미사동,미사동
미사,미사동
미산동,미산동
미산,미산동
미산면,미산면
미산,미산면
미성동,미성동
미성,미성동
미성읍,미성읍
미성,미성읍
미수1동,미수1동
미수1,미수1동
미수2동,미수2동
미수2,미수2동
미수동,미수동
미수,미수동
미아1동,미아1동
미아1,미아1동
미아2동,미아2동
미아2,미아2동
미아3동,미아3동
미아3,미아3동
미아4동,미아4동
미아4,미아4동
미아5동,미아5동
미아5,미아5동
미아6동,미아6동
미아6,미아6동
미아7동,미아7동
미아7,미아7동
미아8동,미아8동
미아8,미아8동
미아동,미아동
미아,미아동
미암면,미암면
미암,미암면
미양면,미양면
미양,미양면
미원동,미원동
미원,미원동
미원면,미원면
미원,미원면
미음동,미음동
미음,미음동
미장동,미장동
미장,미장동
미조면,미조면
미조,미조면
미천면,미천면
미천,미천면
미탄면,미탄면
미탄,미탄면
미평동,미평동
미평,미평동
미포동,미포동
미포,미포동
미포리,미포리
미호동,미호동
미호,미호동
민락동,민락동
민락,민락동
민락리,민락리
밀양읍,밀양읍
밀양,밀양읍
박달동,박달동
박달,박달동
박월동,박월동
박월,박월동
박촌동,박촌동
박촌,박촌동
박호동,박호동
박호,박호동
반계동,반계동
반계,반계동
반곡동,반곡동
반곡,반곡동
반구동,반구동
반구,반구동
반구리,반구리
반남면,반남면
반남,반남면
반림동,반림동
반림,반림동
반석동,반석동
반석,반석동
반송1동,반송1동
반송1,반송1동
반송2동,반송2동
반송2,반송2동
반송3동,반송3동
반송3,반송3동
반송동,반송동
반송,반송동
반여1동,반여1동
반여1,반여1동
반여2동,반여2동
반여2,반여2동
반여3동,반여3동
반여3,반여3동
반여동,반여동
반여,반여동
반월동,반월동
반월,반월동
반월면,반월면
반월,반월면
반정동,반정동
반정,반정동
반죽동,반죽동
반죽,반죽동
반지동,반지동
반지,반지동
반포1동,반포1동
반포1,반포1동
반포2동,반포2동
반포2,반포2동
반포3동,반포3동
반포3,반포3동
반포동,반포동
반포,반포동
반포면,반포면
반포,반포면
반포본동,반포본동
반포본,반포본동
발산동,발산동
발산,발산동
발한동,발한동
발한,발한동
발화동,발화동
발화,발화동
방교동,방교동
방교,방교동
방동,방동
방,방동
방림1동,방림1동
방림1,방림1동
방림2동,방림2동
방림2,방림2동
방림동,방림동
방림,방림동
방림면,방림면
방림,방림면
방배1동,방배1동
방배1,방배1동
방배2동,방배2동
방배2,방배2동
방배3동,방배3동
방배3,방배3동
방배동,방배동
방배,방배동
방배본동,방배본동
방배본,방배본동
방산동,방산동
방산,방산동
방산면,방산면
방산,방산면
방서동,방서동
방서,방서동
방어동,방어동
방어,방어동
방어리,방어리
방어진읍,방어진읍
방어진,방어진읍
방이동,방이동
방이,방이동
방촌동,방촌동
방촌,방촌동
방축동,방축동
방축,방축동
방하동,방하동
방하,방하동
방학1동,방학1동
방학1,방학1동
방학2동,방학2동
방학2,방학2동
방학3동,방학3동
방학3,방학3동
방학동,방학동
방학,방학동
방현동,방현동
방현,방현동
방화1동,방화1동
방화1,방화1동
방화2동,방화2동
방화2,방화2동
방화동,방화동
방화,방화동
배곧동,배곧동
배곧,배곧동
배동,배동
배,배동
배미동,배미동
배미,배미동
배반동,배반동
배반,배반동
배방면,배방면
배방,배방면
배방읍,배방읍
배방,배방읍
배알미동,배알미동
배알미,배알미동
배양동,배양동
배양,배양동
백곡면,백곡면
백곡,백곡면
백구면,백구면
백구,백구면
백령면,백령면
백령,백령면
백사면,백사면
백사,백사면
백산동,백산동
백산,백산동
백산면,백산면
백산,백산면
백석동,백석동
백석,백석동
백석면,백석면
백석,백석면
백석읍,백석읍
백석,백석읍
백수면,백수면
백수,백수면
백수읍,백수읍
백수,백수읍
백신동,백신동
백신,백신동
백아면,백아면
백아,백아면
백안동,백안동
백안,백안동
백암면,백암면
백암,백암면
백옥동,백옥동
백옥,백옥동
백운1동,백운1동
백운1,백운1동
백운2동,백운2동
백운2,백운2동
백운동,백운동
백운,백운동
백운면,백운면
백운,백운면
백전면,백전면
백전,백전면
백천동,백천동
백천,백천동
백학동,백학동
백학,백학동
백학면,백학면
백학,백학면
백현동,백현동
백현,백현동
번1동,번1동
번1,번1동
번2동,번2동
번2,번2동
번동,번동
번,번동
번암면,번암면
번암,번암면
벌곡면,벌곡면
벌곡,벌곡면
벌교읍,벌교읍
벌교,벌교읍
벌룡동,벌룡동
벌룡,벌룡동
벌리동,벌리동
벌리,벌리동
벌음동,벌음동
벌음,벌음동
범물동,범물동
범물,범물동
범박동,범박동
범박,범박동
범방동,범방동
범방,범방동
범서면,범서면
범서,범서면
범서읍,범서읍
범서,범서읍
범어1동,범어1동
범어1,범어1동
범어2동,범어2동
범어2,범어2동
범어3동,범어3동
범어3,범어3동
범어4동,범어4동
범어4,범어4동
범어동,범어동
범어,범어동
범일1동,범일1동
범일1,범일1동
범일2동,범일2동
범일2,범일2동
범일4동,범일4동
범일4,범일4동
범일5동,범일5동
범일5,범일5동
범일6동,범일6동
범일6,범일6동
범일동,범일동
범일,범일동
범전동,범전동
범전,범전동
범천1동,범천1동
범천1,범천1동
범천2동,범천2동
범천2,범천2동
범천3동,범천3동
범천3,범천3동
범천동,범천동
범천,범천동
법곡동,법곡동
법곡,법곡동
법곳동,법곳동
법곳,법곳동
법동,법동
법,법동
법상동,법상동
법상,법상동
법성면,법성면
법성,법성면
법수면,법수면
법수,법수면
법원읍,법원읍
법원,법원읍
법전면,법전면
법전,법전면
법환동,법환동
법환,법환동
법흥동,법흥동
법흥,법흥동
벽제동,벽제동
벽제,벽제동
벽제면,벽제면
벽제,벽제면
벽제읍,벽제읍
벽제,벽제읍
벽진동,벽진동
벽진,벽진동
벽진면,벽진면
벽진,벽진면
변동,변동
변,변동
변동리,변동리
변산면,변산면
변산,변산면
별내동,별내동
별내,별내동
별내면,별내면
별내,별내면
별량면,별량면
별량,별량면
별양동,별양동
별양,별양동
병곡면,병곡면
병곡,병곡면
병방동,병방동
병방,병방동
병산동,병산동
병산,병산동
병성동,병성동
병성,병성동
병영동,병영동
병영,병영동
병영면,병영면
병영,병영면
병점동,병점동
병점,병점동
병천면,병천면
병천,병천면
보개면,보개면
보개,보개면
보광동,보광동
보광,보광동
보광동1가,보광동1가
보광동2가,보광동2가
보광동3가,보광동3가
보길면,보길면
보길,보길면
보덕동,보덕동
보덕,보덕동
보라동,보라동
보라,보라동
보람동,보람동
보람,보람동
보목동,보목동
보목,보목동
보문동,보문동
보문,보문동
보문동1가,보문동1가
보문동2가,보문동2가
보문동3가,보문동3가
보문동4가,보문동4가
보문동5가,보문동5가
보문동6가,보문동6가
보문동7가,보문동7가
보문면,보문면
보문,보문면
보산동,보산동
보산,보산동
보성읍,보성읍
보성,보성읍
보수1동,보수1동
보수1,보수1동
보수2동,보수2동
보수2,보수2동
보수동1가,보수동1가
보수동2가,보수동2가
보수동3가,보수동3가
보안면,보안면
보안,보안면
보은면,보은면
보은,보은면
보은읍,보은읍
보은,보은읍
보절면,보절면
보절,보절면
보정동,보정동
보정,보정동
보황동,보황동
보황,보황동
복내면,복내면
복내,복내면
복대동,복대동
복대,복대동
복룡동,복룡동
복룡,복룡동
복만동,복만동
복만,복만동
복병동,복병동
복병,복병동
복산동,복산동
복산,복산동
복수동,복수동
복수,복수동
복수리,복수리
복수면,복수면
복수,복수면
복용동,복용동
복용,복용동
복정동,복정동
복정,복정동
복죽동,복죽동
복죽,복죽동
복천동,복천동
복천,복천동
복현동,복현동
복현,복현동
복흥면,복흥면
복흥,복흥면
본덕동,본덕동
본덕,본덕동
본동,본동
본,본동
본리동,본리동
본리,본리동
본성동,본성동
본성,본성동
본양면,본양면
본양,본양면
본오동,본오동
본오,본오동
본촌동,본촌동
본촌,본촌동
본촌리,본촌리
봉강동,봉강동
봉강,봉강동
봉강면,봉강면
봉강,봉강면
봉개동,봉개동
봉개,봉개동
봉계동,봉계동
봉계,봉계동
봉곡동,봉곡동
봉곡,봉곡동
봉남동,봉남동
봉남,봉남동
봉남면,봉남면
봉남,봉남면
봉담면,봉담면
봉담,봉담면
봉담읍,봉담읍
봉담,봉담읍
봉덕1동,봉덕1동
봉덕1,봉덕1동
봉덕2동,봉덕2동
봉덕2,봉덕2동
봉덕3동,봉덕3동
봉덕3,봉덕3동
봉덕동,봉덕동
봉덕,봉덕동
봉동,봉동
봉,봉동
봉동면,봉동면
봉동,봉동면
봉동읍,봉동읍
봉동,봉동읍
봉래동,봉래동
봉래,봉래동
봉래동1가,봉래동1가
봉래동2가,봉래동2가
봉래동3가,봉래동3가
봉래동4가,봉래동4가
봉래동5가,봉래동5가
봉래면,봉래면
봉래,봉래면
봉림동,봉림동
봉림,봉림동
봉명동,봉명동
봉명,봉명동
봉무동,봉무동
봉무,봉무동
봉방동,봉방동
봉방,봉방동
봉산1동,봉산1동
봉산1,봉산1동
봉산2동,봉산2동
봉산2,봉산2동
봉산동,봉산동
봉산,봉산동
봉산면,봉산면
봉산,봉산면
봉선동,봉선동
봉선,봉선동
봉성면,봉성면
봉성,봉성면
봉수면,봉수면
봉수,봉수면
봉암동,봉암동
봉암,봉암동
봉양동,봉양동
봉양,봉양동
봉양면,봉양면
봉양,봉양면
봉양읍,봉양읍
봉양,봉양읍
봉원동,봉원동
봉원,봉원동
봉의동,봉의동
봉의,봉의동
봉이동,봉이동
봉이,봉이동
봉익동,봉익동
봉익,봉익동
봉작동,봉작동
봉작,봉작동
봉정동,봉정동
봉정,봉정동
봉천10동,봉천10동
봉천10,봉천10동
봉천11동,봉천11동
봉천11,봉천11동
봉천1동,봉천1동
봉천1,봉천1동
봉천2동,봉천2동
봉천2,봉천2동
봉천3동,봉천3동
봉천3,봉천3동
봉천4동,봉천4동
봉천4,봉천4동
봉천5동,봉천5동
봉천5,봉천5동
봉천6동,봉천6동
봉천6,봉천6동
봉천7동,봉천7동
봉천7,봉천7동
봉천8동,봉천8동
봉천8,봉천8동
봉천9동,봉천9동
봉천9,봉천9동
봉천동,봉천동
봉천,봉천동
봉천본동,봉천본동
봉천본,봉천본동
봉평동,봉평동
봉평,봉평동
봉평면,봉평면
봉평,봉평면
봉현면,봉현면
봉현,봉현면
봉화면,봉화면
봉화,봉화면
봉화읍,봉화읍
봉화,봉화읍
봉황동,봉황동
봉황,봉황동
봉황면,봉황면
봉황,봉황면
부강면,부강면
부강,부강면
부개1동,부개1동
부개1,부개1동
부개2동,부개2동
부개2,부개2동
부개동,부개동
부개,부개동
부계면,부계면
부계,부계면
부곡1동,부곡1동
부곡1,부곡1동
부곡2동,부곡2동
부곡2,부곡2동
부곡3동,부곡3동
부곡3,부곡3동
부곡동,부곡동
부곡,부곡동
부곡리,부곡리
부곡면,부곡면
부곡,부곡면
부귀면,부귀면
부귀,부귀면
부남면,부남면
부남,부남면
부대동,부대동
부대,부대동
부덕동,부덕동
부덕,부덕동
부동,부동
부,부동
부동면,부동면
부동,부동면
부량면,부량면
부량,부량면
부론면,부론면
부론,부론면
부리면,부리면
부리,부리면
부림동,부림동
부림,부림동
부림면,부림면
부림,부림면
부민동1가,부민동1가
부민동2가,부민동2가
부민동3가,부민동3가
부발면,부발면
부발,부발면
부발읍,부발읍
부발,부발읍
부북면,부북면
부북,부북면
부사동,부사동
부사,부사동
부산동,부산동
부산,부산동
부산면,부산면
부산,부산면
부석면,부석면
부석,부석면
부성동,부성동
부성,부성동
부송동,부송동
부송,부송동
부수동,부수동
부수,부수동
부안면,부안면
부안,부안면
부안읍,부안읍
부안,부안읍
부암1동,부암1동
부암1,부암1동
부암2동,부암2동
부암2,부암2동
부암3동,부암3동
부암3,부암3동
부암동,부암동
부암,부암동
부여면,부여면
부여,부여면
부여읍,부여읍
부여,부여읍
부용동1가,부용동1가
부용동2가,부용동2가
부용면,부용면
부용,부용면
부원동,부원동
부원,부원동
부적면,부적면
부적,부적면
부전1동,부전1동
부전1,부전1동
부전2동,부전2동
부전2,부전2동
부전동,부전동
부전,부전동
부창동,부창동
부창,부창동
부춘동,부춘동
부춘,부춘동
부평1동,부평1동
부평1,부평1동
부평2동,부평2동
부평2,부평2동
부평3동,부평3동
부평3,부평3동
부평4동,부평4동
부평4,부평4동
부평5동,부평5동
부평5,부평5동
부평6동,부평6동
부평6,부평6동
부평동,부평동
부평,부평동
부평동1가,부평동1가
부평동1동,부평동1동
부평동1,부평동1동
부평동2가,부평동2가
부평동2동,부평동2동
부평동2,부평동2동
부평동3가,부평동3가
부평동3동,부평동3동
부평동3,부평동3동
부평동4가,부평동4가
부항면,부항면
부항,부항면
부흥동,부흥동
부흥,부흥동
북가좌1동,북가좌1동
북가좌1,북가좌1동
북가좌동,북가좌동
북가좌,북가좌동
북교동,북교동
북교,북교동
북군동,북군동
북군,북군동
북내동,북내동
북내,북내동
북내면,북내면
북내,북내면
북도면,북도면
북도,북도면
북동,북동
북,북동
북면,북면
북,북면
북문동,북문동
북문,북문동
북문로1가,북문로1가
북문로2가,북문로2가
북문로3가,북문로3가
북방면,북방면
북방,북방면
북변동,북변동
북변,북변동
북부동,북부동
북부,북부동
북산동,북산동
북산,북산동
북산면,북산면
북산,북산면
북삼동,북삼동
북삼,북삼동
북삼면,북삼면
북삼,북삼면
북삼읍,북삼읍
북삼,북삼읍
북상면,북상면
북상,북상면
북성동,북성동
북성,북성동
북성동1가,북성동1가
북성동2가,북성동2가
북성동3가,북성동3가
북성로1가,북성로1가
북성로2가,북성로2가
북수동,북수동
북수,북수동
북신동,북신동
북신,북신동
북아현1동,북아현1동
북아현1,북아현1동
북아현2동,북아현2동
북아현2,북아현2동
북아현3동,북아현3동
북아현3,북아현3동
북아현동,북아현동
북아현,북아현동
북안면,북안면
북안,북안면
북양동,북양동
북양,북양동
북이면,북이면
북이,북이면
북일동,북일동
북일,북일동
북일면,북일면
북일,북일면
북정동,북정동
북정,북정동
북정리,북정리
북창동,북창동
북창,북창동
북천면,북천면
북천,북천면
북평동,북평동
북평,북평동
북평면,북평면
북평,북평면
북평읍,북평읍
북평,북평읍
북하면,북하면
북하,북하면
북한동,북한동
북한,북한동
북후면,북후면
북후,북후면
분당동,분당동
분당,분당동
분평동,분평동
분평,분평동
불갑면,불갑면
불갑,불갑면
불광1동,불광1동
불광1,불광1동
불광2동,불광2동
불광2,불광2동
불광3동,불광3동
불광3,불광3동
불광동,불광동
불광,불광동
불국동,불국동
불국,불국동
불노동,불노동
불노,불노동
불당동,불당동
불당,불당동
불로동,불로동
불로,불로동
불모산동,불모산동
불모산,불모산동
불암동,불암동
불암,불암동
불은면,불은면
불은,불은면
불정동,불정동
불정,불정동
불정면,불정면
불정,불정면
비금면,비금면
비금,비금면
비래동,비래동
비래,비래동
비룡동,비룡동
비룡,비룡동
비봉동,비봉동
비봉,비봉동
비봉면,비봉면
비봉,비봉면
비산1동,비산1동
비산1,비산1동
비산2동,비산2동
비산2,비산2동
비산3동,비산3동
비산3,비산3동
비산4동,비산4동
비산4,비산4동
비산5동,비산5동
비산5,비산5동
비산6동,비산6동
비산6,비산6동
비산7동,비산7동
비산7,비산7동
비산동,비산동
비산,비산동
비아동,비아동
비아,비아동
비아면,비아면
비아,비아면
비안면,비안면
비안,비안면
비응도동,비응도동
비응도,비응도동
비인면,비인면
비인,비인면
비전1동,비전1동
비전1,비전1동
비전2동,비전2동
비전2,비전2동
비전동,비전동
비전,비전동
비천동,비천동
비천,비천동
비하동,비하동
비하,비하동
빛가람동,빛가람동
빛가람,빛가람동
사간동,사간동
사간,사간동
사곡동,사곡동
사곡,사곡동
사곡면,사곡면
사곡,사곡면
사구동,사구동
사구,사구동
사근동,사근동
사근,사근동
사기소동,사기소동
사기소,사기소동
사남면,사남면
사남,사남면
사내면,사내면
사내,사내면
사노동,사노동
사노,사노동
사농동,사농동
사농,사농동
사당1동,사당1동
사당1,사당1동
사당2동,사당2동
사당2,사당2동
사당3동,사당3동
사당3,사당3동
사당4동,사당4동
사당4,사당4동
사당동,사당동
사당,사당동
사덕리,사덕리
사동,사동
사,사동
사두리,사두리
사등동,사등동
사등,사등동
사등면,사등면
사등,사등면
사량면,사량면
사량,사량면
사리면,사리면
사리,사리면
사리현동,사리현동
사리현,사리현동
사림동,사림동
사림,사림동
사매면,사매면
사매,사매면
사문동,사문동
사문,사문동
사벌국면,사벌국면
사벌국,사벌국면
사벌면,사벌면
사벌,사벌면
사복동,사복동
사복,사복동
사봉면,사봉면
사봉,사봉면
사북면,사북면
사북,사북면
사북읍,사북읍
사북,사북읍
사사동,사사동
사사,사사동
사성동,사성동
사성,사성동
사송동,사송동
사송,사송동
사수동,사수동
사수,사수동
사양면,사양면
사양,사양면
사우동,사우동
사우,사우동
사월동,사월동
사월,사월동
사음동,사음동
사음,사음동
사일동,사일동
사일,사일동
사정동,사정동
사정,사정동
사정리,사정리
사주면,사주면
사주,사주면
사직1동,사직1동
사직1,사직1동
사직2동,사직2동
사직2,사직2동
사직3동,사직3동
사직3,사직3동
사직동,사직동
사직,사직동
사진동,사진동
사진,사진동
사창동,사창동
사창,사창동
사천동,사천동
사천,사천동
사천면,사천면
사천,사천면
사천읍,사천읍
사천,사천읍
사파동,사파동
사파,사파동
사파정동,사파정동
사파정,사파정동
사평면,사평면
사평,사평면
사호동,사호동
사호,사호동
사화동,사화동
사화,사화동
산격1동,산격1동
산격1,산격1동
산격2동,산격2동
산격2,산격2동
산격3동,산격3동
산격3,산격3동
산격동,산격동
산격,산격동
산곡1동,산곡1동
산곡1,산곡1동
산곡2동,산곡2동
산곡2,산곡2동
산곡동,산곡동
산곡,산곡동
산남동,산남동
산남,산남동
산내동,산내동
산내,산내동
산내면,산내면
산내,산내면
산동면,산동면
산동,산동면
산동읍,산동읍
산동,산동읍
산림동,산림동
산림,산림동
산막동,산막동
산막,산막동
산본1동,산본1동
산본1,산본1동
산본2동,산본2동
산본2,산본2동
산본동,산본동
산본,산본동
산북동,산북동
산북,산북동
산북면,산북면
산북,산북면
산서동,산서동
산서,산서동
산서면,산서면
산서,산서면
산성동,산성동
산성,산성동
산성면,산성면
산성,산성면
산솔면,산솔면
산솔,산솔면
산수1동,산수1동
산수1,산수1동
산수2동,산수2동
산수2,산수2동
산수3동,산수3동
산수3,산수3동
산수동,산수동
산수,산수동
산양면,산양면
산양,산양면
산양읍,산양읍
산양,산양읍
산외면,산외면
산외,산외면
산울동,산울동
산울,산울동
산월동,산월동
산월,산월동
산이면,산이면
산이,산이면
산인면,산인면
산인,산인면
산정1동,산정1동
산정1,산정1동
산정2동,산정2동
산정2,산정2동
산정3동,산정3동
산정3,산정3동
산정동,산정동
산정,산정동
산직동,산직동
산직,산직동
산척동,산척동
산척,산척동
산척면,산척면
산척,산척면
산천동,산천동
산천,산천동
산청면,산청면
산청,산청면
산청읍,산청읍
산청,산청읍
산포면,산포면
산포,산포면
산하동,산하동
산하,산하동
산현동,산현동
산현,산현동
산호1동,산호1동
산호1,산호1동
산호2동,산호2동
산호2,산호2동
산호동,산호동
산호,산호동
산황동,산황동
산황,산황동
살미면,살미면
살미,살미면
삼가동,삼가동
삼가,삼가동
삼가면,삼가면
삼가,삼가면
삼각동,삼각동
삼각,삼각동
삼거동,삼거동
삼거,삼거동
삼계동,삼계동
삼계,삼계동
삼계면,삼계면
삼계,삼계면
삼괴동,삼괴동
삼괴,삼괴동
삼교동,삼교동
삼교,삼교동
삼국유사면,삼국유사면
삼국유사,삼국유사면
삼귀동,삼귀동
삼귀,삼귀동
삼기면,삼기면
삼기,삼기면
삼남동,삼남동
삼남,삼남동
삼남면,삼남면
삼남,삼남면
삼남읍,삼남읍
삼남,삼남읍
삼덕3가동,삼덕3가동
삼덕3가,삼덕3가동
삼덕동,삼덕동
삼덕,삼덕동
삼덕동1가,삼덕동1가
삼덕동2가,삼덕동2가
삼덕동3가,삼덕동3가
삼도동,삼도동
삼도,삼도동
삼도면,삼도면
삼도,삼도면
삼도이동,삼도이동
삼도이,삼도이동
삼도일동,삼도일동
삼도일,삼도일동
삼동,삼동
삼,삼동
삼동동,삼동동
삼동,삼동동
삼동면,삼동면
삼동,삼동면
삼락동,삼락동
삼락,삼락동
삼락리,삼락리
삼랑진면,삼랑진면
삼랑진,삼랑진면
삼랑진읍,삼랑진읍
삼랑진,삼랑진읍
삼례읍,삼례읍
삼례,삼례읍
삼룡동,삼룡동
삼룡,삼룡동
삼문동,삼문동
삼문,삼문동
삼방동,삼방동
삼방,삼방동
삼북동,삼북동
삼북,삼북동
삼산동,삼산동
삼산,삼산동
삼산리,삼산리
삼산면,삼산면
삼산,삼산면
삼서면,삼서면
삼서,삼서면
삼선1동,삼선1동
삼선1,삼선1동
삼선2동,삼선2동
삼선2,삼선2동
삼선동1가,삼선동1가
삼선동2가,삼선동2가
삼선동3가,삼선동3가
삼선동4가,삼선동4가
삼선동5가,삼선동5가
삼성1동,삼성1동
삼성1,삼성1동
삼성2동,삼성2동
삼성2,삼성2동
삼성동,삼성동
삼성,삼성동
삼성면,삼성면
삼성,삼성면
삼소동,삼소동
삼소,삼소동
삼송동,삼송동
삼송,삼송동
삼숭동,삼숭동
삼숭,삼숭동
삼승면,삼승면
삼승,삼승면
삼안동,삼안동
삼안,삼안동
삼양동,삼양동
삼양,삼양동
삼양삼동,삼양삼동
삼양삼,삼양삼동
삼양이동,삼양이동
삼양이,삼양이동
삼양일동,삼양일동
삼양일,삼양일동
삼영동,삼영동
삼영,삼영동
삼일동,삼일동
삼일,삼일동
삼일면,삼일면
삼일,삼일면
삼일읍,삼일읍
삼일,삼일읍
삼장면,삼장면
삼장,삼장면
삼전동,삼전동
삼전,삼전동
삼정동,삼정동
삼정,삼정동
삼정리,삼정리
삼정자동,삼정자동
삼정자,삼정자동
삼죽면,삼죽면
삼죽,삼죽면
삼척읍,삼척읍
삼척,삼척읍
삼천동,삼천동
삼천,삼천동
삼천동1가,삼천동1가
삼천동2가,삼천동2가
삼천동3가,삼천동3가
삼천리,삼천리
삼청동,삼청동
삼청,삼청동
삼패동,삼패동
삼패,삼패동
삼평동,삼평동
삼평,삼평동
삼풍동,삼풍동
삼풍,삼풍동
삼학동,삼학동
삼학,삼학동
삼향동,삼향동
삼향,삼향동
삼향면,삼향면
삼향,삼향면
삼향읍,삼향읍
삼향,삼향읍
삼호동,삼호동
삼호,삼호동
삼호면,삼호면
삼호,삼호면
삼호읍,삼호읍
삼호,삼호읍
삼화동,삼화동
삼화,삼화동
삼흥동,삼흥동
삼흥,삼흥동
삽교면,삽교면
삽교,삽교면
삽교읍,삽교읍
삽교,삽교읍
상갈동,상갈동
상갈,상갈동
상개동,상개동
상개,상개동
상개리,상개리
상거동,상거동
상거,상거동
상계1동,상계1동
상계1,상계1동
상계2동,상계2동
상계2,상계2동
상계3동,상계3동
상계3,상계3동
상계4동,상계4동
상계4,상계4동
상계5동,상계5동
상계5,상계5동
상계6동,상계6동
상계6,상계6동
상계7동,상계7동
상계7,상계7동
상계동,상계동
상계,상계동
상관면,상관면
상관,상관면
상광교동,상광교동
상광교,상광교동
상남1동,상남1동
상남1,상남1동
상남2동,상남2동
상남2,상남2동
상남동,상남동
상남,상남동
상남면,상남면
상남,상남면
상대1동,상대1동
상대1,상대1동
상대2동,상대2동
상대2,상대2동
상대동,상대동
상대,상대동
상대원1동,상대원1동
상대원1,상대원1동
상대원2동,상대원2동
상대원2,상대원2동
상대원3동,상대원3동
상대원3,상대원3동
상대원동,상대원동
상대원,상대원동
상덕동,상덕동
상덕,상덕동
상덕리,상덕리
상도1동,상도1동
상도1,상도1동
상도2동,상도2동
상도2,상도2동
상도3동,상도3동
상도3,상도3동
상도4동,상도4동
상도4,상도4동
상도동,상도동
상도,상도동
상도제1동,상도제1동
상도제1,상도제1동
상동,상동
상,상동
상동동,상동동
상동,상동동
상동면,상동면
상동,상동면
상동읍,상동읍
상동,상동읍
상락동,상락동
상락,상락동
상락동1가,상락동1가
상락동2가,상락동2가
상리동,상리동
상리,상리동
상리면,상리면
상리,상리면
상림동,상림동
상림,상림동
상망동,상망동
상망,상망동
상매동,상매동
상매,상매동
상면,상면
상,상면
상모동,상모동
상모,상모동
상모면,상모면
상모,상모면
상방동,상방동
상방,상방동
상복동,상복동
상복,상복동
상봉1동,상봉1동
상봉1,상봉1동
상봉2동,상봉2동
상봉2,상봉2동
상봉동,상봉동
상봉,상봉동
상봉동동,상봉동동
상봉동,상봉동동
상봉서동,상봉서동
상봉서,상봉서동
상봉암동,상봉암동
상봉암,상봉암동
상북동,상북동
상북,상북동
상북면,상북면
상북,상북면
상사면,상사면
상사,상사면
상사미동,상사미동
상사미,상사미동
상사창동,상사창동
상사창,상사창동
상산곡동,상산곡동
상산곡,상산곡동
상서동,상서동
상서,상서동
상서면,상서면
상서,상서면
상소동,상소동
상소,상소동
상수동,상수동
상수,상수동
상신동,상신동
상신,상신동
상아동,상아동
상아,상아동
상안동,상안동
상안,상안동
상암동,상암동
상암,상암동
상야동,상야동
상야,상야동
상예동,상예동
상예,상예동
상왕동,상왕동
상왕,상왕동
상왕십리동,상왕십리동
상왕십리,상왕십리동
상운면,상운면
상운,상운면
상원동,상원동
상원,상원동
상월곡동,상월곡동
상월곡,상월곡동
상월면,상월면
상월,상월면
상인동,상인동
상인,상인동
상일동,상일동
상일,상일동
상장동,상장동
상장,상장동
상장면,상장면
상장,상장면
상적동,상적동
상적,상적동
상전면,상전면
상전,상전면
상주면,상주면
상주,상주면
상주읍,상주읍
상주,상주읍
상줄동,상줄동
상줄,상줄동
상지석동,상지석동
상지석,상지석동
상촌면,상촌면
상촌,상촌면
상패동,상패동
상패,상패동
상평동,상평동
상평,상평동
상평동동,상평동동
상평동,상평동동
상평서동,상평서동
상평서,상평서동
상하동,상하동
상하,상하동
상하면,상하면
상하,상하면
상현동,상현동
상현,상현동
상효동,상효동
상효,상효동
새롬동,새롬동
새롬,새롬동
새솔동,새솔동
새솔,새솔동
색달동,색달동
색달,색달동
색장동,색장동
색장,색장동
생곡동,생곡동
생곡,생곡동
생극면,생극면
생극,생극면
생룡동,생룡동
생룡,생룡동
생림면,생림면
생림,생림면
생목동,생목동
생목,생목동
생비량면,생비량면
생비량,생비량면
생연1동,생연1동
생연1,생연1동
생연2동,생연2동
생연2,생연2동
생연3동,생연3동
생연3,생연3동
생연4동,생연4동
생연4,생연4동
생연동,생연동
생연,생연동
생용동,생용동
생용,생용동
생용리,생용리
생일면,생일면
생일,생일면
생초면,생초면
생초,생초면
서1동,서1동
서1,서1동
서2동,서2동
서2,서2동
서3동,서3동
서3,서3동
서4동,서4동
서4,서4동
서계동,서계동
서계,서계동
서곡동,서곡동
서곡,서곡동
서교동,서교동
서교,서교동
서귀동,서귀동
서귀,서귀동
서귀읍,서귀읍
서귀,서귀읍
서금동,서금동
서금,서금동
서내동,서내동
서내,서내동
서노송동,서노송동
서노송,서노송동
서대신동1가,서대신동1가
서대신동2가,서대신동2가
서대신동3가,서대신동3가
서도면,서도면
서도,서도면
서동,서동
서,서동
서둔동,서둔동
서둔,서둔동
서랑동,서랑동
서랑,서랑동
서리,서리
서린동,서린동
서린,서린동
서면,서면
서,서면
서문동,서문동
서문,서문동
서문로1가,서문로1가
서문로2가,서문로2가
서변동,서변동
서변,서변동
서봉동,서봉동
서봉,서봉동
서부동,서부동
서부,서부동
서부리,서부리
서부면,서부면
서부,서부면
서빙고동,서빙고동
서빙고,서빙고동
서산동,서산동
서산,서산동
서산읍,서산읍
서산,서산읍
서삼면,서삼면
서삼,서삼면
서상동,서상동
서상,서상동
서상면,서상면
서상,서상면
서생면,서생면
서생,서생면
서서학동,서서학동
서서학,서서학동
서석동,서석동
서석,서석동
서석면,서석면
서석,서석면
서성동,서성동
서성,서성동
서성로1가,서성로1가
서성로2가,서성로2가
서소문동,서소문동
서소문,서소문동
서수면,서수면
서수,서수면
서신동,서신동
서신,서신동
서신면,서신면
서신,서신면
서악동,서악동
서악,서악동
서암동,서암동
서암,서암동
서야동,서야동
서야,서야동
서완산동,서완산동
서완산,서완산동
서완산동1가,서완산동1가
서완산동2가,서완산동2가
서운동,서운동
서운,서운동
서운면,서운면
서운,서운면
서원면,서원면
서원,서원면
서인동,서인동
서인,서인동
서정동,서정동
서정,서정동
서종면,서종면
서종,서종면
서중동,서중동
서중,서중동
서창동,서창동
서창,서창동
서창면,서창면
서창,서창면
서천동,서천동
서천,서천동
서천면,서천면
서천,서천면
서천읍,서천읍
서천,서천읍
서초1동,서초1동
서초1,서초1동
서초2동,서초2동
서초2,서초2동
서초3동,서초3동
서초3,서초3동
서초동,서초동
서초,서초동
서촌동,서촌동
서촌,서촌동
서탄면,서탄면
서탄,서탄면
서패동,서패동
서패,서패동
서포면,서포면
서포,서포면
서하면,서하면
서하,서하면
서현동,서현동
서현,서현동
서호동,서호동
서호,서호동
서호면,서호면
서호,서호면
서홍동,서홍동
서홍,서홍동
서화면,서화면
서화,서화면
서후면,서후면
서후,서후면
서흥남동,서흥남동
서흥남,서흥남동
서흥동,서흥동
서흥,서흥동
석곡동,석곡동
석곡,석곡동
석곡면,석곡면
석곡,석곡면
석관1동,석관1동
석관1,석관1동
석관2동,석관2동
석관2,석관2동
석관동,석관동
석관,석관동
석교동,석교동
석교,석교동
석구동,석구동
석구,석구동
석남1동,석남1동
석남1,석남1동
석남2동,석남2동
석남2,석남2동
석남동,석남동
석남,석남동
석대동,석대동
석대,석대동
석동,석동
석,석동
석동동,석동동
석동,석동동
석림동,석림동
석림,석림동
석문면,석문면
석문,석문면
석보면,석보면
석보,석보면
석봉동,석봉동
석봉,석봉동
석사동,석사동
석사,석사동
석성면,석성면
석성,석성면
석소동,석소동
석소,석소동
석수1동,석수1동
석수1,석수1동
석수2동,석수2동
석수2,석수2동
석수동,석수동
석수,석수동
석암동,석암동
석암,석암동
석왕동,석왕동
석왕,석왕동
석우동,석우동
석우,석우동
석운동,석운동
석운,석운동
석장동,석장동
석장,석장동
석장리동,석장리동
석장리,석장리동
석적면,석적면
석적,석적면
석적읍,석적읍
석적,석적읍
석전1동,석전1동
석전1,석전1동
석전2동,석전2동
석전2,석전2동
석전동,석전동
석전,석전동
석정동,석정동
석정,석정동
석촌동,석촌동
석촌,석촌동
석탄동,석탄동
석탄,석탄동
석포면,석포면
석포,석포면
석현동,석현동
석현,석현동
선감동,선감동
선감,선감동
선교동,선교동
선교,선교동
선구동,선구동
선구,선구동
선기동,선기동
선기,선기동
선남면,선남면
선남,선남면
선단동,선단동
선단,선단동
선도동,선도동
선도,선도동
선동,선동
선,선동
선리,선리
선린동,선린동
선린,선린동
선부동,선부동
선부,선부동
선산면,선산면
선산,선산면
선산읍,선산읍
선산,선산읍
선암동,선암동
선암,선암동
선암리,선암리
선양동,선양동
선양,선양동
선원동,선원동
선원,선원동
선원면,선원면
선원,선원면
선유동,선유동
선유,선유동
선장면,선장면
선장,선장면
선주동,선주동
선주,선주동
선주지동,선주지동
선주지,선주지동
선학동,선학동
선학,선학동
선화1동,선화1동
선화1,선화1동
선화2동,선화2동
선화2,선화2동
선화3동,선화3동
선화3,선화3동
선화동,선화동
선화,선화동
설문동,설문동
설문,설문동
설성면,설성면
설성,설성면
설악동,설악동
설악,설악동
설악면,설악면
설악,설악면
설운동,설운동
설운,설운동
설천면,설천면
설천,설천면
성거면,성거면
성거,성거면
성거읍,성거읍
성거,성거읍
성건동,성건동
성건,성건동
성곡동,성곡동
성곡,성곡동
성남1동,성남1동
성남1,성남1동
성남2동,성남2동
성남2,성남2동
성남동,성남동
성남,성남동
성남면,성남면
성남,성남면
성내동,성내동
성내,성내동
성내면,성내면
성내,성내면
성당1동,성당1동
성당1,성당1동
성당2동,성당2동
성당2,성당2동
성당동,성당동
성당,성당동
성당면,성당면
성당,성당면
성덕동,성덕동
성덕,성덕동
성덕면,성덕면
성덕,성덕면
성동,성동
성,성동
성동동,성동동
성동,성동동
성동면,성동면
성동,성동면
성복동,성복동
성복,성복동
성북1동,성북1동
성북1,성북1동
성북2동,성북2동
성북2,성북2동
성북동,성북동
성북,성북동
성북동1가,성북동1가
성북동2가,성북동2가
성사동,성사동
성사,성사동
성산1동,성산1동
성산1,성산1동
성산2동,성산2동
성산2,성산2동
성산동,성산동
성산,성산동
성산면,성산면
성산,성산면
성산읍,성산읍
성산,성산읍
성서1동,성서1동
성서1,성서1동
성서2동,성서2동
성서2,성서2동
성서3동,성서3동
성서3,성서3동
성서동,성서동
성서,성서동
성서면,성서면
성서,성서면
성서읍,성서읍
성서,성서읍
성석동,성석동
성석,성석동
성성동,성성동
성성,성성동
성송면,성송면
성송,성송면
성수1가1동,성수1가1동
성수1가1,성수1가1동
성수1가2동,성수1가2동
성수1가2,성수1가2동
성수2가1동,성수2가1동
성수2가1,성수2가1동
성수2가2동,성수2가2동
성수2가2,성수2가2동
성수2가3동,성수2가3동
성수2가3,성수2가3동
성수2가4동,성수2가4동
성수2가4,성수2가4동
성수동1가,성수동1가
성수동2가,성수동2가
성수면,성수면
성수,성수면
성안동,성안동
성안,성안동
성안리,성안리
성암동,성암동
성암,성암동
성암리,성암리
성연면,성연면
성연,성연면
성전면,성전면
성전,성전면
성정동,성정동
성정,성정동
성주동,성주동
성주,성주동
성주면,성주면
성주,성주면
성주읍,성주읍
성주,성주읍
성지동,성지동
성지,성지동
성촌동,성촌동
성촌,성촌동
성포동,성포동
성포,성포동
성하동,성하동
성하,성하동
성호동,성호동
성호,성호동
성화동,성화동
성화,성화동
성환면,성환면
성환,성환면
성환읍,성환읍
성환,성환읍
성황동,성황동
성황,성황동
세곡동,세곡동
세곡,세곡동
세교동,세교동
세교,세교동
세도면,세도면
세도,세도면
세동,세동
세,세동
세류1동,세류1동
세류1,세류1동
세류2동,세류2동
세류2,세류2동
세류3동,세류3동
세류3,세류3동
세류동,세류동
세류,세류동
세마동,세마동
세마,세마동
세종대왕면,세종대왕면
세종대왕,세종대왕면
세종동,세종동
세종,세종동
세종로,세종로
세지면,세지면
세지,세지면
세천동,세천동
세천,세천동
세하동,세하동
세하,세하동
소격동,소격동
소격,소격동
소계동,소계동
소계,소계동
소공동,소공동
소공,소공동
소달면,소달면
소달,소달면
소담동,소담동
소담,소담동
소답동,소답동
소답,소답동
소덕리,소덕리
소도동,소도동
소도,소도동
소라면,소라면
소라,소라면
소락동,소락동
소락,소락동
소래면,소래면
소래,소래면
소래읍,소래읍
소래,소래읍
소룡동,소룡동
소룡,소룡동
소보면,소보면
소보,소보면
소사1동,소사1동
소사1,소사1동
소사2동,소사2동
소사2,소사2동
소사3동,소사3동
소사3,소사3동
소사동,소사동
소사,소사동
소사본동,소사본동
소사본,소사본동
소사읍,소사읍
소사,소사읍
소성면,소성면
소성,소성면
소수면,소수면
소수,소수면
소안면,소안면
소안,소안면
소양동,소양동
소양,소양동
소양로1가,소양로1가
소양로2가,소양로2가
소양로3가,소양로3가
소양로4가,소양로4가
소양면,소양면
소양,소양면
소요동,소요동
소요,소요동
소원면,소원면
소원,소원면
소이면,소이면
소이,소이면
소정면,소정면
소정,소정면
소제동,소제동
소제,소제동
소주동,소주동
소주,소주동
소천면,소천면
소천,소천면
소초면,소초면
소초,소초면
소촌동,소촌동
소촌,소촌동
소태동,소태동
소태,소태동
소태면,소태면
소태,소태면
소하1동,소하1동
소하1,소하1동
소하2동,소하2동
소하2,소하2동
소하동,소하동
소하,소하동
소하읍,소하읍
소하,소하읍
소학동,소학동
소학,소학동
소호동,소호동
소호,소호동
소흘면,소흘면
소흘,소흘면
소흘읍,소흘읍
소흘,소흘읍
속달동,속달동
속달,속달동
속리산면,속리산면
속리산,속리산면
속천동,속천동
속천,속천동
속초읍,속초읍
속초,속초읍
손곡동,손곡동
손곡,손곡동
손불면,손불면
손불,손불면
손양면,손양면
손양,손양면
송강동,송강동
송강,송강동
송광면,송광면
송광,송광면
송금동,송금동
송금,송금동
송내동,송내동
송내,송내동
송대동,송대동
송대,송대동
송도동,송도동
송도,송도동
송동,송동
송,송동
송동면,송동면
송동,송동면
송라면,송라면
송라,송라면
송림1동,송림1동
송림1,송림1동
송림2동,송림2동
송림2,송림2동
송림3동,송림3동
송림3,송림3동
송림4동,송림4동
송림4,송림4동
송림5동,송림5동
송림5,송림5동
송림6동,송림6동
송림6,송림6동
송림동,송림동
송림,송림동
송림동1동,송림동1동
송림동1,송림동1동
송림동2동,송림동2동
송림동2,송림동2동
송림동3동,송림동3동
송림동3,송림동3동
송림동4동,송림동4동
송림동4,송림동4동
송림면,송림면
송림,송림면
송북동,송북동
송북,송북동
송산동,송산동
송산,송산동
송산면,송산면
송산,송산면
송석동,송석동
송석,송석동
송선동,송선동
송선,송선동
송악면,송악면
송악,송악면
송악읍,송악읍
송악,송악읍
송암동,송암동
송암,송암동
송원동,송원동
송원,송원동
송월동,송월동
송월,송월동
송월동1가,송월동1가
송월동2가,송월동2가
송월동3가,송월동3가
송절동,송절동
송절,송절동
송정동,송정동
송정,송정동
송정리,송정리
송정읍,송정읍
송정,송정읍
송죽동,송죽동
송죽,송죽동
송지면,송지면
송지,송지면
송창동,송창동
송창,송창동
송천동,송천동
송천,송천동
송천동1가,송천동1가
송천동2가,송천동2가
송촌동,송촌동
송촌,송촌동
송치동,송치동
송치,송치동
송탄면,송탄면
송탄,송탄면
송탄읍,송탄읍
송탄,송탄읍
송파동,송파동
송파,송파동
송포동,송포동
송포,송포동
송포면,송포면
송포,송포면
송풍동,송풍동
송풍,송풍동
송하동,송하동
송하,송하동
송학동,송학동
송학,송학동
송학동1가,송학동1가
송학동2가,송학동2가
송학동3가,송학동3가
송학면,송학면
송학,송학면
송해면,송해면
송해,송해면
송현1동,송현1동
송현1,송현1동
송현2동,송현2동
송현2,송현2동
송현3동,송현3동
송현3,송현3동
송현동,송현동
송현,송현동
송현동1동,송현동1동
송현동1,송현동1동
송현동2동,송현동2동
송현동2,송현동2동
송현동3동,송현동3동
송현동3,송현동3동
송현동4동,송현동4동
송현동4,송현동4동
쇄운동,쇄운동
쇄운,쇄운동
수가동,수가동
수가,수가동
수강동,수강동
수강,수강동
수강동1가,수강동1가
수강동2가,수강동2가
수곡동,수곡동
수곡,수곡동
수곡리,수곡리
수곡면,수곡면
수곡,수곡면
수궁동,수궁동
수궁,수궁동
수기동,수기동
수기,수기동
수남동,수남동
수남,수남동
수내동,수내동
수내,수내동
수도동,수도동
수도,수도동
수동,수동
수,수동
수동면,수동면
수동,수동면
수륜면,수륜면
수륜,수륜면
수민동,수민동
수민,수민동
수북면,수북면
수북,수북면
수비면,수비면
수비,수비면
수산동,수산동
수산,수산동
수산면,수산면
수산,수산면
수상동,수상동
수상,수상동
수색동,수색동
수색,수색동
수서동,수서동
수서,수서동
수석동,수석동
수석,수석동
수성1가동,수성1가동
수성1가,수성1가동
수성4가동,수성4가동
수성4가,수성4가동
수성동,수성동
수성,수성동
수성동1가,수성동1가
수성동2가,수성동2가
수성동3가,수성동3가
수성동4가,수성동4가
수송동,수송동
수송,수송동
수신면,수신면
수신,수신면
수안동,수안동
수안,수안동
수안보면,수안보면
수안보,수안보면
수암동,수암동
수암,수암동
수암면,수암면
수암,수암면
수영동,수영동
수영,수영동
수완동,수완동
수완,수완동
수월동,수월동
수월,수월동
수유1동,수유1동
수유1,수유1동
수유2동,수유2동
수유2,수유2동
수유3동,수유3동
수유3,수유3동
수유4동,수유4동
수유4,수유4동
수유5동,수유5동
수유5,수유5동
수유동,수유동
수유,수유동
수의동,수의동
수의,수의동
수점동,수점동
수점,수점동
수정1동,수정1동
수정1,수정1동
수정2동,수정2동
수정2,수정2동
수정3동,수정3동
수정3,수정3동
수정4동,수정4동
수정4,수정4동
수정5동,수정5동
수정5,수정5동
수정남동,수정남동
수정남,수정남동
수정동,수정동
수정,수정동
수정북동,수정북동
수정북,수정북동
수주면,수주면
수주,수주면
수지면,수지면
수지,수지면
수지읍,수지읍
수지,수지읍
수진1동,수진1동
수진1,수진1동
수진2동,수진2동
수진2,수진2동
수진동,수진동
수진,수진동
수창동,수창동
수창,수창동
수청동,수청동
수청,수청동
수택동,수택동
수택,수택동
수평동,수평동
수평,수평동
수표동,수표동
수표,수표동
수하동,수하동
수하,수하동
수한면,수한면
수한,수한면
수화동,수화동
수화,수화동
숙천동,숙천동
숙천,숙천동
순동,순동
순,순동
순성면,순성면
순성,순성면
순창면,순창면
순창,순창면
순창읍,순창읍
순창,순창읍
순화동,순화동
순화,순화동
순흥면,순흥면
순흥,순흥면
숭의1동,숭의1동
숭의1,숭의1동
숭의2동,숭의2동
숭의2,숭의2동
숭의3동,숭의3동
숭의3,숭의3동
숭의4동,숭의4동
숭의4,숭의4동
숭의동,숭의동
숭의,숭의동
숭의동1동,숭의동1동
숭의동1,숭의동1동
숭의동2동,숭의동2동
숭의동2,숭의동2동
숭의동3동,숭의동3동
숭의동3,숭의동3동
숭의동4동,숭의동4동
숭의동4,숭의동4동
숭인1동,숭인1동
숭인1,숭인1동
숭인2동,숭인2동
숭인2,숭인2동
숭인동,숭인동
숭인,숭인동
승주읍,승주읍
승주,승주읍
승촌동,승촌동
승촌,승촌동
시곡동,시곡동
시곡,시곡동
시기1동,시기1동
시기1,시기1동
시기2동,시기2동
시기2,시기2동
시기3동,시기3동
시기3,시기3동
시기동,시기동
시기,시기동
시동,시동
시,시동
시래동,시래동
시래,시래동
시례동,시례동
시례,시례동
시미동,시미동
시미,시미동
시장북로,시장북로
시전동,시전동
시전,시전동
시종면,시종면
시종,시종면
시지동,시지동
시지,시지동
시천동,시천동
시천,시천동
시천면,시천면
시천,시천면
시초면,시초면
시초,시초면
시흥1동,시흥1동
시흥1,시흥1동
시흥2동,시흥2동
시흥2,시흥2동
시흥3동,시흥3동
시흥3,시흥3동
시흥4동,시흥4동
시흥4,시흥4동
시흥5동,시흥5동
시흥5,시흥5동
시흥동,시흥동
시흥,시흥동
시흥본동,시흥본동
시흥본,시흥본동
식만동,식만동
식만,식만동
식사동,식사동
식사,식사동
식정동,식정동
식정,식정동
신가동,신가동
신가,신가동
신갈동,신갈동
신갈,신갈동
신건지동,신건지동
신건지,신건지동
신계동,신계동
신계,신계동
신곡동,신곡동
신곡,신곡동
신곡리,신곡리
신공덕동,신공덕동
신공덕,신공덕동
신관동,신관동
신관,신관동
신광면,신광면
신광,신광면
신교동,신교동
신교,신교동
신기동,신기동
신기,신기동
신기면,신기면
신기,신기면
신길1동,신길1동
신길1,신길1동
신길2동,신길2동
신길2,신길2동
신길3동,신길3동
신길3,신길3동
신길4동,신길4동
신길4,신길4동
신길5동,신길5동
신길5,신길5동
신길6동,신길6동
신길6,신길6동
신길7동,신길7동
신길7,신길7동
신길동,신길동
신길,신길동
신남동,신남동
신남,신남동
신내동,신내동
신내,신내동
신녕면,신녕면
신녕,신녕면
신니면,신니면
신니,신니면
신당1동,신당1동
신당1,신당1동
신당2동,신당2동
신당2,신당2동
신당3동,신당3동
신당3,신당3동
신당4동,신당4동
신당4,신당4동
신당5동,신당5동
신당5,신당5동
신당6동,신당6동
신당6,신당6동
신당동,신당동
신당,신당동
신대동,신대동
신대,신대동
신대방1동,신대방1동
신대방1,신대방1동
신대방2동,신대방2동
신대방2,신대방2동
신대방동,신대방동
신대방,신대방동
신덕동,신덕동
신덕,신덕동
신덕면,신덕면
신덕,신덕면
신도림동,신도림동
신도림,신도림동
신도면,신도면
신도,신도면
신도안면,신도안면
신도안,신도안면
신도읍,신도읍
신도,신도읍
신동,신동
신,신동
신동면,신동면
신동,신동면
신동읍,신동읍
신동,신동읍
신둔면,신둔면
신둔,신둔면
신등면,신등면
신등,신등면
신령면,신령면
신령,신령면
신룡동,신룡동
신룡,신룡동
신림10동,신림10동
신림10,신림10동
신림11동,신림11동
신림11,신림11동
신림1동,신림1동
신림1,신림1동
신림2동,신림2동
신림2,신림2동
신림3동,신림3동
신림3,신림3동
신림4동,신림4동
신림4,신림4동
신림5동,신림5동
신림5,신림5동
신림6동,신림6동
신림6,신림6동
신림7동,신림7동
신림7,신림7동
신림8동,신림8동
신림8,신림8동
신림9동,신림9동
신림9,신림9동
신림동,신림동
신림,신림동
신림면,신림면
신림,신림면
신림본동,신림본동
신림본,신림본동
신매동,신매동
신매,신매동
신명동,신명동
신명,신명동
신모산동,신모산동
신모산,신모산동
신무동,신무동
신무,신무동
신문동,신문동
신문,신문동
신문로1가,신문로1가
신문로2가,신문로2가
신방동,신방동
신방,신방동
신백동,신백동
신백,신백동
신벽동,신벽동
신벽,신벽동
신봉동,신봉동
신봉,신봉동
신부동,신부동
신부,신부동
신북면,신북면
신북,신북면
신북읍,신북읍
신북,신북읍
신사동,신사동
신사,신사동
신상동,신상동
신상,신상동
신생동,신생동
신생,신생동
신서동,신서동
신서,신서동
신서면,신서면
신서,신서면
신석동,신석동
신석,신석동
신선동,신선동
신선,신선동
신선동1가,신선동1가
신선동2가,신선동2가
신선동3가,신선동3가
신설동,신설동
신설,신설동
신성동,신성동
신성,신성동
신세동,신세동
신세,신세동
신소현동,신소현동
신소현,신소현동
신수동,신수동
신수,신수동
신시동,신시동
신시,신시동
신안동,신안동
신안,신안동
신안면,신안면
신안,신안면
신암1동,신암1동
신암1,신암1동
신암2동,신암2동
신암2,신암2동
신암3동,신암3동
신암3,신암3동
신암4동,신암4동
신암4,신암4동
신암동,신암동
신암,신암동
신암면,신암면
신암,신암면
신양면,신양면
신양,신양면
신영동,신영동
신영,신영동
신외동,신외동
신외,신외동
신용동,신용동
신용,신용동
신용리,신용리
신원동,신원동
신원,신원동
신원면,신원면
신원,신원면
신월1동,신월1동
신월1,신월1동
신월2동,신월2동
신월2,신월2동
신월3동,신월3동
신월3,신월3동
신월4동,신월4동
신월4,신월4동
신월5동,신월5동
신월5,신월5동
신월6동,신월6동
신월6,신월6동
신월동,신월동
신월,신월동
신음동,신음동
신음,신음동
신읍동,신읍동
신읍,신읍동
신의면,신의면
신의,신의면
신인동,신인동
신인,신인동
신일동,신일동
신일,신일동
신장1동,신장1동
신장1,신장1동
신장2동,신장2동
신장2,신장2동
신장동,신장동
신장,신장동
신전동,신전동
신전,신전동
신전리,신전리
신전면,신전면
신전,신전면
신정1동,신정1동
신정1,신정1동
신정2동,신정2동
신정2,신정2동
신정3동,신정3동
신정3,신정3동
신정4동,신정4동
신정4,신정4동
신정5동,신정5동
신정5,신정5동
신정6동,신정6동
신정6,신정6동
신정동,신정동
신정,신정동
신정리,신정리
신지면,신지면
신지,신지면
신진동,신진동
신진,신진동
신창동,신창동
신창,신창동
신창동1가,신창동1가
신창동2가,신창동2가
신창동3가,신창동3가
신창동4가,신창동4가
신창면,신창면
신창,신창면
신천1동,신천1동
신천1,신천1동
신천2동,신천2동
신천2,신천2동
신천3동,신천3동
신천3,신천3동
신천4동,신천4동
신천4,신천4동
신천동,신천동
신천,신천동
신촌동,신촌동
신촌,신촌동
신탄진동,신탄진동
신탄진,신탄진동
신탄진읍,신탄진읍
신탄진,신탄진읍
신태인읍,신태인읍
신태인,신태인읍
신평1동,신평1동
신평1,신평1동
신평2동,신평2동
신평2,신평2동
신평동,신평동
신평,신평동
신평면,신평면
신평,신평면
신포동,신포동
신포,신포동
신포동1가,신포동1가
신포동2가,신포동2가
신풍동,신풍동
신풍,신풍동
신풍면,신풍면
신풍,신풍면
신하동,신하동
신하,신하동
신현동,신현동
신현,신현동
신현면,신현면
신현,신현면
신현읍,신현읍
신현,신현읍
신호동,신호동
신호,신호동
신효동,신효동
신효,신효동
신흑동,신흑동
신흑,신흑동
신흥1동,신흥1동
신흥1,신흥1동
신흥2동,신흥2동
신흥2,신흥2동
신흥3동,신흥3동
신흥3,신흥3동
신흥동,신흥동
신흥,신흥동
신흥동1가,신흥동1가
신흥동2가,신흥동2가
신흥동3가,신흥동3가
실마동,실마동
실마,실마동
실안동,실안동
실안,실안동
실옥동,실옥동
실옥,실옥동
실촌면,실촌면
실촌,실촌면
실촌읍,실촌읍
실촌,실촌읍
심곡1동,심곡1동
심곡1,심곡1동
심곡2동,심곡2동
심곡2,심곡2동
심곡3동,심곡3동
심곡3,심곡3동
심곡동,심곡동
심곡,심곡동
심곡본동,심곡본동
심곡본,심곡본동
심원면,심원면
심원,심원면
심천면,심천면
심천,심천면
십정1동,십정1동
십정1,십정1동
십정2동,십정2동
십정2,십정2동
십정동,십정동
십정,십정동
십정동1동,십정동1동
십정동1,십정동1동
십정동2동,십정동2동
십정동2,십정동2동
쌍계동,쌍계동
쌍계,쌍계동
쌍교동,쌍교동
쌍교,쌍교동
쌍령동,쌍령동
쌍령,쌍령동
쌍림동,쌍림동
쌍림,쌍림동
쌍림면,쌍림면
쌍림,쌍림면
쌍문1동,쌍문1동
쌍문1,쌍문1동
쌍문2동,쌍문2동
쌍문2,쌍문2동
쌍문3동,쌍문3동
쌍문3,쌍문3동
쌍문동,쌍문동
쌍문,쌍문동
쌍백면,쌍백면
쌍백,쌍백면
쌍봉동,쌍봉동
쌍봉,쌍봉동
쌍봉면,쌍봉면
쌍봉,쌍봉면
쌍신동,쌍신동
쌍신,쌍신동
쌍암동,쌍암동
쌍암,쌍암동
쌍암면,쌍암면
쌍암,쌍암면
쌍암읍,쌍암읍
쌍암,쌍암읍
쌍용동,쌍용동
쌍용,쌍용동
쌍책면,쌍책면
쌍책,쌍책면
쌍촌동,쌍촌동
쌍촌,쌍촌동
쌍치면,쌍치면
쌍치,쌍치면
아동동,아동동
아동,아동동
아동면,아동면
아동,아동면
아라동,아라동
아라,아라동
아라이동,아라이동
아라이,아라이동
아라일동,아라일동
아라일,아라일동
아름동,아름동
아름,아름동
아미동,아미동
아미,아미동
아미동1가,아미동1가
아미동2가,아미동2가
아미동3가,아미동3가
아산면,아산면
아산,아산면
아양동,아양동
아양,아양동
아영면,아영면
아영,아영면
아주동,아주동
아주,아주동
아지동,아지동
아지,아지동
아천동,아천동
아천,아천동
아포면,아포면
아포,아포면
아포읍,아포읍
아포,아포읍
아현1동,아현1동
아현1,아현1동
아현2동,아현2동
아현2,아현2동
아현3동,아현3동
아현3,아현3동
아현동,아현동
아현,아현동
악양면,악양면
악양,악양면
안강읍,안강읍
안강,안강읍
안계면,안계면
안계,안계면
안곡동,안곡동
안곡,안곡동
안골동,안골동
안골,안골동
안국동,안국동
안국,안국동
안기동,안기동
안기,안기동
안남면,안남면
안남,안남면
안내면,안내면
안내,안내면
안녕동,안녕동
안녕,안녕동
안덕면,안덕면
안덕,안덕면
안동,안동
안,안동
안동읍,안동읍
안동,안동읍
안락1동,안락1동
안락1,안락1동
안락2동,안락2동
안락2,안락2동
안락동,안락동
안락,안락동
안림동,안림동
안림,안림동
안막동,안막동
안막,안막동
안면면,안면면
안면,안면면
안면읍,안면읍
안면,안면읍
안민동,안민동
안민,안민동
안사면,안사면
안사,안사면
안산동,안산동
안산,안산동
안서동,안서동
안서,안서동
안석동,안석동
안석,안석동
안성면,안성면
안성,안성면
안성읍,안성읍
안성,안성읍
안심1동,안심1동
안심1,안심1동
안심2동,안심2동
안심2,안심2동
안심3동,안심3동
안심3,안심3동
안심4동,안심4동
안심4,안심4동
안심동,안심동
안심,안심동
안심면,안심면
안심,안심면
안심읍,안심읍
안심,안심읍
안암동1가,안암동1가
안암동2가,안암동2가
안암동3가,안암동3가
안암동4가,안암동4가
안암동5가,안암동5가
안양1동,안양1동
안양1,안양1동
안양2동,안양2동
안양2,안양2동
안양3동,안양3동
안양3,안양3동
안양4동,안양4동
안양4,안양4동
안양5동,안양5동
안양5,안양5동
안양6동,안양6동
안양6,안양6동
안양7동,안양7동
안양7,안양7동
안양8동,안양8동
안양8,안양8동
안양동,안양동
안양,안양동
안양면,안양면
안양,안양면
안양읍,안양읍
안양,안양읍
안영동,안영동
안영,안영동
안영리,안영리
안용면,안용면
안용,안용면
안의면,안의면
안의,안의면
안정면,안정면
안정,안정면
안좌면,안좌면
안좌,안좌면
안중면,안중면
안중,안중면
안중읍,안중읍
안중,안중읍
안창동,안창동
안창,안창동
안천면,안천면
안천,안천면
안청동,안청동
안청,안청동
안평면,안평면
안평,안평면
안풍동,안풍동
안풍,안풍동
안현동,안현동
안현,안현동
안흥동,안흥동
안흥,안흥동
안흥면,안흥면
안흥,안흥면
암곡동,암곡동
암곡,암곡동
암남동,암남동
암남,암남동
암사동,암사동
암사,암사동
암태면,암태면
암태,암태면
압구정1동,압구정1동
압구정1,압구정1동
압구정2동,압구정2동
압구정2,압구정2동
압구정동,압구정동
압구정,압구정동
압량면,압량면
압량,압량면
압량읍,압량읍
압량,압량읍
압촌동,압촌동
압촌,압촌동
압해면,압해면
압해,압해면
압해읍,압해읍
압해,압해읍
앙성면,앙성면
앙성,앙성면
애월면,애월면
애월,애월면
애월읍,애월읍
애월,애월읍
앵곡동,앵곡동
앵곡,앵곡동
야당동,야당동
야당,야당동
야동동,야동동
야동,야동동
야로면,야로면
야로,야로면
야사동,야사동
야사,야사동
야음1동,야음1동
야음1,야음1동
야음2동,야음2동
야음2,야음2동
야음3동,야음3동
야음3,야음3동
야음동,야음동
야음,야음동
야음리,야음리
야탑동,야탑동
야탑,야탑동
야흥동,야흥동
야흥,야흥동
약대동,약대동
약대,약대동
약목면,약목면
약목,약목면
약사동,약사동
약사,약사동
약사리,약사리
약산면,약산면
약산,약산면
양1동,양1동
양1,양1동
양2동,양2동
양2,양2동
양3동,양3동
양3,양3동
양감면,양감면
양감,양감면
양강면,양강면
양강,양강면
양곡동,양곡동
양곡,양곡동
양과동,양과동
양과,양과동
양구면,양구면
양구,양구면
양구읍,양구읍
양구,양구읍
양남면,양남면
양남,양남면
양대동,양대동
양대,양대동
양덕1동,양덕1동
양덕1,양덕1동
양덕2동,양덕2동
양덕2,양덕2동
양덕3동,양덕3동
양덕3,양덕3동
양덕동,양덕동
양덕,양덕동
양도면,양도면
양도,양도면
양동,양동
양,양동
양동면,양동면
양동,양동면
양림동,양림동
양림,양림동
양벌동,양벌동
양벌,양벌동
양보면,양보면
양보,양보면
양북면,양북면
양북,양북면
양사면,양사면
양사,양사면
양산동,양산동
양산,양산동
양산리,양산리
양산면,양산면
양산,양산면
양산읍,양산읍
양산,양산읍
양상동,양상동
양상,양상동
양서면,양서면
양서,양서면
양성면,양성면
양성,양성면
양양면,양양면
양양,양양면
양양읍,양양읍
양양,양양읍
양재동,양재동
양재,양재동
양전동,양전동
양전,양전동
양정1동,양정1동
양정1,양정1동
양정2동,양정2동
양정2,양정2동
양정3동,양정3동
양정3,양정3동
양정4동,양정4동
양정4,양정4동
양정동,양정동
양정,양정동
양정리,양정리
양주읍,양주읍
양주,양주읍
양지동,양지동
양지,양지동
양지면,양지면
양지,양지면
양천동,양천동
양천,양천동
양촌동,양촌동
양촌,양촌동
양촌면,양촌면
양촌,양촌면
양촌읍,양촌읍
양촌,양촌읍
양평1동,양평1동
양평1,양평1동
양평2동,양평2동
양평2,양평2동
양평동,양평동
양평,양평동
양평동1가,양평동1가
양평동2가,양평동2가
양평동3가,양평동3가
양평동4가,양평동4가
양평동5가,양평동5가
양평동6가,양평동6가
양평면,양평면
양평,양평면
양평읍,양평읍
양평,양평읍
양포동,양포동
양포,양포동
양학동,양학동
양학,양학동
양호동,양호동
양호,양호동
양화동,양화동
양화,양화동
양화면,양화면
양화,양화면
어곡동,어곡동
어곡,어곡동
어남동,어남동
어남,어남동
어달동,어달동
어달,어달동
어둔동,어둔동
어둔,어둔동
어룡동,어룡동
어룡,어룡동
어모면,어모면
어모,어모면
어물동,어물동
어물,어물동
어방동,어방동
어방,어방동
어상천면,어상천면
어상천,어상천면
어양동,어양동
어양,어양동
어은동,어은동
어은,어은동
어진동,어진동
어진,어진동
어현동,어현동
어현,어현동
언남동,언남동
언남,언남동
언양면,언양면
언양,언양면
언양읍,언양읍
언양,언양읍
언주면,언주면
언주,언주면
언하동,언하동
언하,언하동
엄궁동,엄궁동
엄궁,엄궁동
엄궁리,엄궁리
엄다면,엄다면
엄다,엄다면
엄사면,엄사면
엄사,엄사면
엄정면,엄정면
엄정,엄정면
업성동,업성동
업성,업성동
여남동,여남동
여남,여남동
여량면,여량면
여량,여량면
여산면,여산면
여산,여산면
여서동,여서동
여서,여서동
여수동,여수동
여수,여수동
여월동,여월동
여월,여월동
여의도동,여의도동
여의도,여의도동
여의동,여의동
여의,여의동
여의동2가,여의동2가
여좌1가동,여좌1가동
여좌1가,여좌1가동
여좌2가동,여좌2가동
여좌2가,여좌2가동
여좌3가동,여좌3가동
여좌3가,여좌3가동
여좌동,여좌동
여좌,여좌동
여주읍,여주읍
여주,여주읍
여천동,여천동
여천,여천동
여천리,여천리
여항면,여항면
여항,여항면
역곡1동,역곡1동
역곡1,역곡1동
역곡2동,역곡2동
역곡2,역곡2동
역곡동,역곡동
역곡,역곡동
역동,역동
역,역동
역북동,역북동
역북,역북동
역삼1동,역삼1동
역삼1,역삼1동
역삼2동,역삼2동
역삼2,역삼2동
역삼동,역삼동
역삼,역삼동
역전동,역전동
역전,역전동
역촌1동,역촌1동
역촌1,역촌1동
역촌2동,역촌2동
역촌2,역촌2동
역촌동,역촌동
역촌,역촌동
연건동,연건동
연건,연건동
연경동,연경동
연경,연경동
연곡면,연곡면
연곡,연곡면
연기면,연기면
연기,연기면
연남동,연남동
연남,연남동
연다산동,연다산동
연다산,연다산동
연덕동,연덕동
연덕,연덕동
연도동,연도동
연도,연도동
연동,연동
연,연동
연동면,연동면
연동,연동면
연등동,연등동
연등,연등동
연라동,연라동
연라,연라동
연무동,연무동
연무,연무동
연무읍,연무읍
연무,연무읍
연산1동,연산1동
연산1,연산1동
연산2동,연산2동
연산2,연산2동
연산3동,연산3동
연산3,연산3동
연산4동,연산4동
연산4,연산4동
연산5동,연산5동
연산5,연산5동
연산6동,연산6동
연산6,연산6동
연산7동,연산7동
연산7,연산7동
연산8동,연산8동
연산8,연산8동
연산9동,연산9동
연산9,연산9동
연산동,연산동
연산,연산동
연산면,연산면
연산,연산면
연서면,연서면
연서,연서면
연수동,연수동
연수,연수동
연안동,연안동
연안,연안동
연암동,연암동
연암,연암동
연암리,연암리
연양동,연양동
연양,연양동
연원동,연원동
연원,연원동
연일면,연일면
연일,연일면
연일읍,연일읍
연일,연일읍
연정동,연정동
연정,연정동
연제동,연제동
연제,연제동
연제리,연제리
연지동,연지동
연지,연지동
연천면,연천면
연천,연천면
연천읍,연천읍
연천,연천읍
연초면,연초면
연초,연초면
연축동,연축동
연축,연축동
연평면,연평면
연평,연평면
연풍면,연풍면
연풍,연풍면
연향동,연향동
연향,연향동
연호동,연호동
연호,연호동
연화동,연화동
연화,연화동
연희1동,연희1동
연희1,연희1동
연희2동,연희2동
연희2,연희2동
연희3동,연희3동
연희3,연희3동
연희동,연희동
연희,연희동
염곡동,염곡동
염곡,염곡동
염리동,염리동
염리,염리동
염산면,염산면
염산,염산면
염창동,염창동
염창,염창동
염치면,염치면
염치,염치면
염치읍,염치읍
염치,염치읍
염포동,염포동
염포,염포동
염포리,염포리
영강동,영강동
영강,영강동
영광읍,영광읍
영광,영광읍
영귀미면,영귀미면
영귀미,영귀미면
영남동,영남동
영남,영남동
영남면,영남면
영남,영남면
영덕동,영덕동
영덕,영덕동
영덕면,영덕면
영덕,영덕면
영덕읍,영덕읍
영덕,영덕읍
영도동,영도동
영도,영도동
영동,영동
영,영동
영동읍,영동읍
영동,영동읍
영등동,영등동
영등,영등동
영등포1동,영등포1동
영등포1,영등포1동
영등포2동,영등포2동
영등포2,영등포2동
영등포3동,영등포3동
영등포3,영등포3동
영등포동,영등포동
영등포,영등포동
영등포동1가,영등포동1가
영등포동2가,영등포동2가
영등포동3가,영등포동3가
영등포동4가,영등포동4가
영등포동5가,영등포동5가
영등포동6가,영등포동6가
영등포동7가,영등포동7가
영등포동8가,영등포동8가
영랑동,영랑동
영랑,영랑동
영북면,영북면
영북,영북면
영산동,영산동
영산,영산동
영산면,영산면
영산,영산면
영산포읍,영산포읍
영산포,영산포읍
영선동1가,영선동1가
영선동2가,영선동2가
영선동3가,영선동3가
영선동4가,영선동4가
영성동,영성동
영성,영성동
영순면,영순면
영순,영순면
영신동,영신동
영신,영신동
영암면,영암면
영암,영암면
영암읍,영암읍
영암,영암읍
영양면,영양면
영양,영양면
영양읍,영양읍
영양,영양읍
영오면,영오면
영오,영오면
영옥동,영옥동
영옥,영옥동
영운동,영운동
영운,영운동
영원면,영원면
영원,영원면
영월면,영월면
영월,영월면
영월읍,영월읍
영월,영월읍
영인면,영인면
영인,영인면
영종동,영종동
영종,영종동
영종면,영종면
영종,영종면
영주1동,영주1동
영주1,영주1동
영주2동,영주2동
영주2,영주2동
영주3동,영주3동
영주3,영주3동
영주4동,영주4동
영주4,영주4동
영주동,영주동
영주,영주동
영주읍,영주읍
영주,영주읍
영중면,영중면
영중,영중면
영천1동,영천1동
영천1,영천1동
영천2동,영천2동
영천2,영천2동
영천동,영천동
영천,영천동
영천읍,영천읍
영천,영천읍
영춘면,영춘면
영춘,영춘면
영통동,영통동
영통,영통동
영파동,영파동
영파,영파동
영평동,영평동
영평,영평동
영해동,영해동
영해,영해동
영해동1가,영해동1가
영해동2가,영해동2가
영해면,영해면
영해,영해면
영현면,영현면
영현,영현면
영화동,영화동
영화,영화동
영흥면,영흥면
영흥,영흥면
예곡동,예곡동
예곡,예곡동
예관동,예관동
예관,예관동
예래동,예래동
예래,예래동
예산읍,예산읍
예산,예산읍
예안면,예안면
예안,예안면
예장동,예장동
예장,예장동
예지동,예지동
예지,예지동
예천동,예천동
예천,예천동
예천읍,예천읍
예천,예천읍
오가면,오가면
오가,오가면
오곡동,오곡동
오곡,오곡동
오곡면,오곡면
오곡,오곡면
오금동,오금동
오금,오금동
오남동,오남동
오남,오남동
오남면,오남면
오남,오남면
오남읍,오남읍
오남,오남읍
오대동,오대동
오대,오대동
오도동,오도동
오도,오도동
오동,오동
오,오동
오동동,오동동
오동,오동동
오등동,오등동
오등,오등동
오라동,오라동
오라,오라동
오라삼동,오라삼동
오라삼,오라삼동
오라이동,오라이동
오라이,오라이동
오라일동,오라일동
오라일,오라일동
오량동,오량동
오량,오량동
오룡동,오룡동
오룡,오룡동
오룡리,오룡리
오류1동,오류1동
오류1,오류1동
오류2동,오류2동
오류2,오류2동
오류동,오류동
오류,오류동
오륜동,오륜동
오륜,오륜동
오림동,오림동
오림,오림동
오목천동,오목천동
오목천,오목천동
오미동,오미동
오미,오미동
오부면,오부면
오부,오부면
오분동,오분동
오분,오분동
오사동,오사동
오사,오사동
오산동,오산동
오산,오산동
오산면,오산면
오산,오산면
오산읍,오산읍
오산,오산읍
오선동,오선동
오선,오선동
오성면,오성면
오성,오성면
오송읍,오송읍
오송,오송읍
오쇠동,오쇠동
오쇠,오쇠동
오수동,오수동
오수,오수동
오수면,오수면
오수,오수면
오식도동,오식도동
오식도,오식도동
오야동,오야동
오야,오야동
오운동,오운동
오운,오운동
오장동,오장동
오장,오장동
오전동,오전동
오전,오전동
오정동,오정동
오정,오정동
오정리,오정리
오정면,오정면
오정,오정면
오창면,오창면
오창,오창면
오창읍,오창읍
오창,오창읍
오천동,오천동
오천,오천동
오천면,오천면
오천,오천면
오천읍,오천읍
오천,오천읍
오치동,오치동
오치,오치동
오태동,오태동
오태,오태동
오포면,오포면
오포,오포면
오포읍,오포읍
오포,오포읍
오학동,오학동
오학,오학동
옥계동,옥계동
옥계,옥계동
옥계리,옥계리
옥계면,옥계면
옥계,옥계면
옥곡동,옥곡동
옥곡,옥곡동
옥곡면,옥곡면
옥곡,옥곡면
옥과면,옥과면
옥과,옥과면
옥교동,옥교동
옥교,옥교동
옥구면,옥구면
옥구,옥구면
옥구읍,옥구읍
옥구,옥구읍
옥길동,옥길동
옥길,옥길동
옥도면,옥도면
옥도,옥도면
옥동,옥동
옥,옥동
옥련동,옥련동
옥련,옥련동
옥룡동,옥룡동
옥룡,옥룡동
옥룡면,옥룡면
옥룡,옥룡면
옥리,옥리
옥봉남동,옥봉남동
옥봉남,옥봉남동
옥봉동,옥봉동
옥봉,옥봉동
옥봉북동,옥봉북동
옥봉북,옥봉북동
옥산동,옥산동
옥산,옥산동
옥산면,옥산면
옥산,옥산면
옥서면,옥서면
옥서,옥서면
옥성면,옥성면
옥성,옥성면
옥수1동,옥수1동
옥수1,옥수1동
옥수2동,옥수2동
옥수2,옥수2동
옥수동,옥수동
옥수,옥수동
옥암동,옥암동
옥암,옥암동
옥야동,옥야동
옥야,옥야동
옥율동,옥율동
옥율,옥율동
옥인동,옥인동
옥인,옥인동
옥정동,옥정동
옥정,옥정동
옥종면,옥종면
옥종,옥종면
옥천동,옥천동
옥천,옥천동
옥천면,옥천면
옥천,옥천면
옥천읍,옥천읍
옥천,옥천읍
옥포1동,옥포1동
옥포1,옥포1동
옥포2동,옥포2동
옥포2,옥포2동
옥포동,옥포동
옥포,옥포동
옥포면,옥포면
옥포,옥포면
옥포읍,옥포읍
옥포,옥포읍
온금동,온금동
온금,온금동
온산면,온산면
온산,온산면
온산읍,온산읍
온산,온산읍
온석동,온석동
온석,온석동
온수동,온수동
온수,온수동
온양면,온양면
온양,온양면
온양읍,온양읍
온양,온양읍
온의동,온의동
온의,온의동
온정면,온정면
온정,온정면
온주동,온주동
온주,온주동
온천1동,온천1동
온천1,온천1동
온천2동,온천2동
온천2,온천2동
온천3동,온천3동
온천3,온천3동
온천동,온천동
온천,온천동
옴천면,옴천면
옴천,옴천면
옹동면,옹동면
옹동,옹동면
와동,와동
와,와동
와동동,와동동
와동,와동동
와룡동,와룡동
와룡,와룡동
와룡면,와룡면
와룡,와룡면
와부면,와부면
와부,와부면
와부읍,와부읍
와부,와부읍
와촌동,와촌동
와촌,와촌동
와촌면,와촌면
와촌,와촌면
완도읍,완도읍
완도,완도읍
완산동,완산동
완산,완산동
완암동,완암동
완암,완암동
완월동,완월동
완월,완월동
완월동1가,완월동1가
완월동2가,완월동2가
완전동,완전동
완전,완전동
왕곡동,왕곡동
왕곡,왕곡동
왕곡면,왕곡면
왕곡,왕곡면
왕궁면,왕궁면
왕궁,왕궁면
왕길동,왕길동
왕길,왕길동
왕대동,왕대동
왕대,왕대동
왕동,왕동
왕,왕동
왕산면,왕산면
왕산,왕산면
왕십리1동,왕십리1동
왕십리1,왕십리1동
왕십리2동,왕십리2동
왕십리2,왕십리2동
왕암동,왕암동
왕암,왕암동
왕정동,왕정동
왕정,왕정동
왕조동,왕조동
왕조,왕조동
왕지동,왕지동
왕지,왕지동
왕징면,왕징면
왕징,왕징면
왜관읍,왜관읍
왜관,왜관읍
외남동,외남동
외남,외남동
외남면,외남면
외남,외남면
외답동,외답동
외답,외답동
외도동,외도동
외도,외도동
외도이동,외도이동
외도이,외도이동
외도일동,외도일동
외도일,외도일동
외동,외동
외,외동
외동면,외동면
외동,외동면
외동읍,외동읍
외동,외동읍
외발산동,외발산동
외발산,외발산동
외북동,외북동
외북,외북동
외사면,외사면
외사,외사면
외산면,외산면
외산,외산면
외삼동,외삼동
외삼,외삼동
외삼미동,외삼미동
외삼미,외삼미동
외서면,외서면
외서,외서면
외속리면,외속리면
외속리,외속리면
외평동,외평동
외평,외평동
외하동,외하동
외하,외하동
요기동,요기동
요기,요기동
요선동,요선동
요선,요선동
요암동,요암동
요암,요암동
요촌동,요촌동
요촌,요촌동
욕지면,욕지면
욕지,욕지면
용강동,용강동
용강,용강동
용강리,용강리
용계동,용계동
용계,용계동
용곡동,용곡동
용곡,용곡동
용관동,용관동
용관,용관동
용궁면,용궁면
용궁,용궁면
용남면,용남면
용남,용남면
용담동,용담동
용담,용담동
용담면,용담면
용담,용담면
용담삼동,용담삼동
용담삼,용담삼동
용담이동,용담이동
용담이,용담이동
용담일동,용담일동
용담일,용담일동
용답동,용답동
용답,용답동
용당1동,용당1동
용당1,용당1동
용당2동,용당2동
용당2,용당2동
용당동,용당동
용당,용당동
용덕동,용덕동
용덕,용덕동
용덕면,용덕면
용덕,용덕면
용동,용동
용,용동
용동면,용동면
용동,용동면
용두1동,용두1동
용두1,용두1동
용두2동,용두2동
용두2,용두2동
용두동,용두동
용두,용두동
용면,용면
용,용면
용문동,용문동
용문,용문동
용문면,용문면
용문,용문면
용방면,용방면
용방,용방면
용복동,용복동
용복,용복동
용봉동,용봉동
용봉,용봉동
용산동,용산동
용산,용산동
용산동1가,용산동1가
용산동2가,용산동2가
용산동3가,용산동3가
용산동4가,용산동4가
용산동5가,용산동5가
용산동6가,용산동6가
용산면,용산면
용산,용산면
용상동,용상동
용상,용상동
용성동,용성동
용성,용성동
용성면,용성면
용성,용성면
용수동,용수동
용수,용수동
용수리,용수리
용안면,용안면
용안,용안면
용암동,용암동
용암,용암동
용암면,용암면
용암,용암면
용연동,용연동
용연,용연동
용연리,용연리
용운동,용운동
용운,용운동
용원동,용원동
용원,용원동
용유동,용유동
용유,용유동
용유면,용유면
용유,용유면
용이동,용이동
용이,용이동
용인면,용인면
용인,용인면
용인읍,용인읍
용인,용인읍
용잠동,용잠동
용잠,용잠동
용잠리,용잠리
용전동,용전동
용전,용전동
용전리,용전리
용정동,용정동
용정,용정동
용제동,용제동
용제,용제동
용종동,용종동
용종,용종동
용주면,용주면
용주,용주면
용지동,용지동
용지,용지동
용지면,용지면
용지,용지면
용진면,용진면
용진,용진면
용진읍,용진읍
용진,용진읍
용촌동,용촌동
용촌,용촌동
용탄동,용탄동
용탄,용탄동
용평동,용평동
용평,용평동
용평면,용평면
용평,용평면
용해동,용해동
용해,용해동
용현1동,용현1동
용현1,용현1동
용현2동,용현2동
용현2,용현2동
용현3동,용현3동
용현3,용현3동
용현4동,용현4동
용현4,용현4동
용현5동,용현5동
용현5,용현5동
용현동,용현동
용현,용현동
용현동1동,용현동1동
용현동1,용현동1동
용현동2동,용현동2동
용현동2,용현동2동
용현리,용현리
용현면,용현면
용현,용현면
용호1동,용호1동
용호1,용호1동
용호2동,용호2동
용호2,용호2동
용호3동,용호3동
용호3,용호3동
용호4동,용호4동
용호4,용호4동
용호동,용호동
용호,용호동
용화동,용화동
용화,용화동
용화면,용화면
용화,용화면
용활동,용활동
용활,용활동
용황동,용황동
용황,용황동
용흥1동,용흥1동
용흥1,용흥1동
용흥2동,용흥2동
용흥2,용흥2동
용흥동,용흥동
용흥,용흥동
우1동,우1동
우1,우1동
우2동,우2동
우2,우2동
우강면,우강면
우강,우강면
우곡면,우곡면
우곡,우곡면
우도면,우도면
우도,우도면
우동,우동
우,우동
우두동,우두동
우두,우두동
우리,우리
우만동,우만동
우만,우만동
우면동,우면동
우면,우면동
우명동,우명동
우명,우명동
우미동,우미동
우미,우미동
우보면,우보면
우보,우보면
우산동,우산동
우산,우산동
우성면,우성면
우성,우성면
우아동,우아동
우아,우아동
우아동1가,우아동1가
우아동2가,우아동2가
우아동3가,우아동3가
우암1동,우암1동
우암1,우암1동
우암2동,우암2동
우암2,우암2동
우암동,우암동
우암,우암동
우이동,우이동
우이,우이동
우정동,우정동
우정,우정동
우정면,우정면
우정,우정면
우정읍,우정읍
우정,우정읍
우지동,우지동
우지,우지동
우창동,우창동
우창,우창동
우천면,우천면
우천,우천면
우치동,우치동
우치,우치동
우현동,우현동
우현,우현동
욱수동,욱수동
욱수,욱수동
운곡동,운곡동
운곡,운곡동
운곡면,운곡면
운곡,운곡면
운교동,운교동
운교,운교동
운남동,운남동
운남,운남동
운남면,운남면
운남,운남면
운니동,운니동
운니,운니동
운동동,운동동
운동,운동동
운림동,운림동
운림,운림동
운문면,운문면
운문,운문면
운봉면,운봉면
운봉,운봉면
운봉읍,운봉읍
운봉,운봉읍
운북동,운북동
운북,운북동
운산동,운산동
운산,운산동
운산면,운산면
운산,운산면
운서동,운서동
운서,운서동
운수동,운수동
운수,운수동
운수면,운수면
운수,운수면
운안동,운안동
운안,운안동
운암동,운암동
운암,운암동
운암면,운암면
운암,운암면
운양동,운양동
운양,운양동
운연동,운연동
운연,운연동
운정동,운정동
운정,운정동
운주면,운주면
운주,운주면
운중동,운중동
운중,운중동
운천동,운천동
운천,운천동
운학동,운학동
운학,운학동
운흥동,운흥동
운흥,운흥동
울릉읍,울릉읍
울릉,울릉읍
울만리,울만리
울산읍,울산읍
울산,울산읍
울진면,울진면
울진,울진면
울진읍,울진읍
울진,울진읍
웅남동,웅남동
웅남,웅남동
웅남면,웅남면
웅남,웅남면
웅동1동,웅동1동
웅동1,웅동1동
웅동2동,웅동2동
웅동2,웅동2동
웅동면,웅동면
웅동,웅동면
웅상면,웅상면
웅상,웅상면
웅상읍,웅상읍
웅상,웅상읍
웅양면,웅양면
웅양,웅양면
웅진동,웅진동
웅진,웅진동
웅천1동,웅천1동
웅천1,웅천1동
웅천2동,웅천2동
웅천2,웅천2동
웅천동,웅천동
웅천,웅천동
웅천면,웅천면
웅천,웅천면
웅천읍,웅천읍
웅천,웅천읍
웅촌면,웅촌면
웅촌,웅촌면
웅치면,웅치면
웅치,웅치면
웅포면,웅포면
웅포,웅포면
원곡동,원곡동
원곡,원곡동
원곡면,원곡면
원곡,원곡면
원남동,원남동
원남,원남동
원남면,원남면
원남,원남면
원내동,원내동
원내,원내동
원당동,원당동
원당,원당동
원당면,원당면
원당,원당면
원당읍,원당읍
원당,원당읍
원대3가동,원대3가동
원대3가,원대3가동
원대동,원대동
원대,원대동
원대동1가,원대동1가
원대동2가,원대동2가
원대동3가,원대동3가
원대동4가,원대동4가
원대동5가,원대동5가
원대동6가,원대동6가
원덕면,원덕면
원덕,원덕면
원덕읍,원덕읍
원덕,원덕읍
원동,원동
원,원동
원동면,원동면
원동,원동면
원문동,원문동
원문,원문동
원미1동,원미1동
원미1,원미1동
원미2동,원미2동
원미2,원미2동
원미동,원미동
원미,원미동
원북면,원북면
원북,원북면
원산동,원산동
원산,원산동
원삼면,원삼면
원삼,원삼면
원서동,원서동
원서,원서동
원성1동,원성1동
원성1,원성1동
원성2동,원성2동
원성2,원성2동
원성동,원성동
원성,원성동
원시동,원시동
원시,원시동
원신흥동,원신흥동
원신흥,원신흥동
원인동,원인동
원인,원인동
원정동,원정동
원정,원정동
원종동,원종동
원종,원종동
원지동,원지동
원지,원지동
원창동,원창동
원창,원창동
원천동,원천동
원천,원천동
원초동,원초동
원초,원초동
원촌동,원촌동
원촌,원촌동
원평1동,원평1동
원평1,원평1동
원평2동,원평2동
원평2,원평2동
원평3동,원평3동
원평3,원평3동
원평동,원평동
원평,원평동
원포동,원포동
원포,원포동
원효로1가,원효로1가
원효로2가,원효로2가
원효로3가,원효로3가
원효로4가,원효로4가
원흥동,원흥동
원흥,원흥동
월계1동,월계1동
월계1,월계1동
월계2동,월계2동
월계2,월계2동
월계3동,월계3동
월계3,월계3동
월계동,월계동
월계,월계동
월곡동,월곡동
월곡,월곡동
월곡면,월곡면
월곡,월곡면
월곳면,월곳면
월곳,월곳면
월곶동,월곶동
월곶,월곶동
월곶면,월곶면
월곶,월곶면
월남동,월남동
월남,월남동
월남동1가,월남동1가
월남동2가,월남동2가
월남동3가,월남동3가
월남동4가,월남동4가
월남동5가,월남동5가
월내동,월내동
월내,월내동
월등면,월등면
월등,월등면
월락동,월락동
월락,월락동
월롱면,월롱면
월롱,월롱면
월림동,월림동
월림,월림동
월명동,월명동
월명,월명동
월미동,월미동
월미,월미동
월배1동,월배1동
월배1,월배1동
월배2동,월배2동
월배2,월배2동
월배3동,월배3동
월배3,월배3동
월배면,월배면
월배,월배면
월배읍,월배읍
월배,월배읍
월봉동,월봉동
월봉,월봉동
월산1동,월산1동
월산1,월산1동
월산2동,월산2동
월산2,월산2동
월산3동,월산3동
월산3,월산3동
월산4동,월산4동
월산4,월산4동
월산5동,월산5동
월산5,월산5동
월산동,월산동
월산,월산동
월산면,월산면
월산,월산면
월성동,월성동
월성,월성동
월송동,월송동
월송,월송동
월암동,월암동
월암,월암동
월야면,월야면
월야,월야면
월영1동,월영1동
월영1,월영1동
월영2동,월영2동
월영2,월영2동
월영동,월영동
월영,월영동
월오동,월오동
월오,월오동
월전동,월전동
월전,월전동
월촌동,월촌동
월촌,월촌동
월촌면,월촌면
월촌,월촌면
월출동,월출동
월출,월출동
월출리,월출리
월평동,월평동
월평,월평동
월평리,월평리
월포동,월포동
월포,월포동
월피동,월피동
월피,월피동
월하동,월하동
월하,월하동
월항면,월항면
월항,월항면
월호평동,월호평동
월호평,월호평동
위도면,위도면
위도,위도면
위천면,위천면
위천,위천면
유가면,유가면
유가,유가면
유가읍,유가읍
유가,유가읍
유계동,유계동
유계,유계동
유곡동,유곡동
유곡,유곡동
유곡리,유곡리
유곡면,유곡면
유곡,유곡면
유구면,유구면
유구,유구면
유구읍,유구읍
유구,유구읍
유달동,유달동
유달,유달동
유덕동,유덕동
유덕,유덕동
유동,유동
유,유동
유등면,유등면
유등,유등면
유량동,유량동
유량,유량동
유록동,유록동
유록,유록동
유림면,유림면
유림,유림면
유방동,유방동
유방,유방동
유산동,유산동
유산,유산동
유성면,유성면
유성,유성면
유성읍,유성읍
유성,유성읍
유양동,유양동
유양,유양동
유어면,유어면
유어,유어면
유천1동,유천1동
유천1,유천1동
유천2동,유천2동
유천2,유천2동
유천동,유천동
유천,유천동
유천면,유천면
유천,유천면
유촌동,유촌동
유촌,유촌동
유치면,유치면
유치,유치면
유하동,유하동
유하,유하동
윤직동,윤직동
윤직,윤직동
율곡동,율곡동
율곡,율곡동
율곡면,율곡면
율곡,율곡면
율도동,율도동
율도,율도동
율동,율동
율,율동
율량동,율량동
율량,율량동
율림동,율림동
율림,율림동
율면,율면
율,율면
율목동,율목동
율목,율목동
율세동,율세동
율세,율세동
율암동,율암동
율암,율암동
율어면,율어면
율어,율어면
율전동,율전동
율전,율전동
율정동,율정동
율정,율정동
율촌면,율촌면
율촌,율촌면
율하동,율하동
율하,율하동
율현동,율현동
율현,율현동
율화동,율화동
율화,율화동
은계동,은계동
은계,은계동
은기동,은기동
은기,은기동
은산면,은산면
은산,은산면
은진면,은진면
은진,은진면
은척면,은척면
은척,은척면
은풍면,은풍면
은풍,은풍면
은하면,은하면
은하,은하면
은행1동,은행1동
은행1,은행1동
은행2동,은행2동
은행2,은행2동
은행동,은행동
은행,은행동
은현면,은현면
은현,은현면
을왕동,을왕동
을왕,을왕동
을지로1가,을지로1가
을지로2가,을지로2가
을지로3가,을지로3가
을지로4가,을지로4가
을지로5가,을지로5가
을지로6가,을지로6가
을지로7가,을지로7가
음봉면,음봉면
음봉,음봉면
음성읍,음성읍
음성,음성읍
음암면,음암면
음암,음암면
읍내동,읍내동
읍내,읍내동
읍산동,읍산동
읍산,읍산동
읍상동,읍상동
읍상,읍상동
읍중동,읍중동
읍중,읍중동
읍호동,읍호동
읍호,읍호동
응달동,응달동
응달,응달동
응명동,응명동
응명,응명동
응봉동,응봉동
응봉,응봉동
응봉면,응봉면
응봉,응봉면
응암1동,응암1동
응암1,응암1동
응암2동,응암2동
응암2,응암2동
응암3동,응암3동
응암3,응암3동
응암4동,응암4동
응암4,응암4동
응암동,응암동
응암,응암동
의당면,의당면
의당,의당면
의령면,의령면
의령,의령면
의령읍,의령읍
의령,의령읍
의림동,의림동
의림,의림동
의성읍,의성읍
의성,의성읍
의신면,의신면
의신,의신면
의안동,의안동
의안,의안동
의왕면,의왕면
의왕,의왕면
의왕읍,의왕읍
의왕,의왕읍
의정부1동,의정부1동
의정부1,의정부1동
의정부2동,의정부2동
의정부2,의정부2동
의정부3동,의정부3동
의정부3,의정부3동
의정부4동,의정부4동
의정부4,의정부4동
의정부동,의정부동
의정부,의정부동
의정부리,의정부리
의정부읍,의정부읍
의정부,의정부읍
의주로1가,의주로1가
의주로2가,의주로2가
의창면,의창면
의창,의창면
의창읍,의창읍
의창,의창읍
의흥면,의흥면
의흥,의흥면
이곡동,이곡동
이곡,이곡동
이궁사동,이궁사동
이궁사,이궁사동
이금동,이금동
이금,이금동
이기동,이기동
이기,이기동
이남면,이남면
이남,이남면
이도동,이도동
이도,이도동
이도이동,이도이동
이도이,이도이동
이도일동,이도일동
이도일,이도일동
이동,이동
이,이동
이동면,이동면
이동,이동면
이동읍,이동읍
이동,이동읍
이로동,이로동
이로,이로동
이로면,이로면
이로,이로면
이류면,이류면
이류,이류면
이매동,이매동
이매,이매동
이목동,이목동
이목,이목동
이문1동,이문1동
이문1,이문1동
이문2동,이문2동
이문2,이문2동
이문3동,이문3동
이문3,이문3동
이문동,이문동
이문,이문동
이반성면,이반성면
이반성,이반성면
이방면,이방면
이방,이방면
이백면,이백면
이백,이백면
이북면,이북면
이북,이북면
이사동,이사동
이사,이사동
이산면,이산면
이산,이산면
이서면,이서면
이서,이서면
이안면,이안면
이안,이안면
이양면,이양면
이양,이양면
이원동,이원동
이원,이원동
이원면,이원면
이원,이원면
이월면,이월면
이월,이월면
이의동,이의동
이의,이의동
이인면,이인면
이인,이인면
이장동,이장동
이장,이장동
이죽면,이죽면
이죽,이죽면
이창동,이창동
이창,이창동
이천1동,이천1동
이천1,이천1동
이천2동,이천2동
이천2,이천2동
이천동,이천동
이천,이천동
이천읍,이천읍
이천,이천읍
이촌1동,이촌1동
이촌1,이촌1동
이촌2동,이촌2동
이촌2,이촌2동
이촌동,이촌동
이촌,이촌동
이충동,이충동
이충,이충동
이태원1동,이태원1동
이태원1,이태원1동
이태원2동,이태원2동
이태원2,이태원2동
이태원동,이태원동
이태원,이태원동
이패동,이패동
이패,이패동
이평면,이평면
이평,이평면
이현남동,이현남동
이현남,이현남동
이현동,이현동
이현,이현동
이현북동,이현북동
이현북,이현북동
이호동,이호동
이호,이호동
이호이동,이호이동
이호이,이호이동
이호일동,이호일동
이호일,이호일동
이홀동,이홀동
이홀,이홀동
이화동,이화동
이화,이화동
익선동,익선동
익선,익선동
인계동,인계동
인계,인계동
인계면,인계면
인계,인계면
인교동,인교동
인교,인교동
인덕동,인덕동
인덕,인덕동
인동,인동
인,인동
인동동,인동동
인동,인동동
인동면,인동면
인동,인동면
인봉동,인봉동
인봉,인봉동
인사동,인사동
인사,인사동
인안동,인안동
인안,인안동
인왕동,인왕동
인왕,인왕동
인월동,인월동
인월,인월동
인월면,인월면
인월,인월면
인의동,인의동
인의,인의동
인제동,인제동
인제,인제동
인제면,인제면
인제,인제면
인제읍,인제읍
인제,인제읍
인주면,인주면
인주,인주면
인지동,인지동
인지,인지동
인지면,인지면
인지,인지면
인창동,인창동
인창,인창동
인평동,인평동
인평,인평동
인현동,인현동
인현,인현동
인현동1가,인현동1가
인현동2가,인현동2가
인화동,인화동
인화,인화동
인화동1가,인화동1가
인화동2가,인화동2가
인후동1가,인후동1가
인후동2가,인후동2가
일곡동,일곡동
일곡,일곡동
일곡리,일곡리
일광면,일광면
일광,일광면
일광읍,일광읍
일광,일광읍
일도이동,일도이동
일도이,일도이동
일도일동,일도일동
일도일,일도일동
일동,일동
일,일동
일동면,일동면
일동,일동면
일로면,일로면
일로,일로면
일로읍,일로읍
일로,일로읍
일반성면,일반성면
일반성,일반성면
일산동,일산동
일산,일산동
일산리,일산리
일산읍,일산읍
일산,일산읍
일신동,일신동
일신,일신동
일왕면,일왕면
일왕,일왕면
일운면,일운면
일운,일운면
일원동,일원동
일원,일원동
일월동,일월동
일월,일월동
일월면,일월면
일월,일월면
일죽면,일죽면
일죽,일죽면
일직동,일직동
일직,일직동
일직면,일직면
일직,일직면
일패동,일패동
일패,일패동
임계면,임계면
임계,임계면
임고면,임고면
임고,임고면
임곡동,임곡동
임곡,임곡동
임곡면,임곡면
임곡,임곡면
임남면,임남면
임남,임남면
임당동,임당동
임당,임당동
임동,임동
임,임동
임동면,임동면
임동,임동면
임문면,임문면
임문,임문면
임상동,임상동
임상,임상동
임수동,임수동
임수,임수동
임실면,임실면
임실,임실면
임실읍,임실읍
임실,임실읍
임암동,임암동
임암,임암동
임오동,임오동
임오,임오동
임은동,임은동
임은,임은동
임자면,임자면
임자,임자면
임진면,임진면
임진,임진면
임천면,임천면
임천,임천면
임피면,임피면
임피,임피면
임하면,임하면
임하,임하면
임학동,임학동
임학,임학동
임회면,임회면
임회,임회면
입면,입면
입,입면
입북동,입북동
입북,입북동
입석동,입석동
입석,입석동
입암동,입암동
입암,입암동
입암면,입암면
입암,입암면
입장면,입장면
입장,입장면
입정동,입정동
입정,입정동
자곡동,자곡동
자곡,자곡동
자금동,자금동
자금,자금동
자산동,자산동
자산,자산동
자양1동,자양1동
자양1,자양1동
자양2동,자양2동
자양2,자양2동
자양3동,자양3동
자양3,자양3동
자양동,자양동
자양,자양동
자양면,자양면
자양,자양면
자운동,자운동
자운,자운동
자원동,자원동
자원,자원동
자월면,자월면
자월,자월면
자은동,자은동
자은,자은동
자은면,자은면
자은,자은면
자인면,자인면
자인,자인면
자일동,자일동
자일,자일동
자일리,자일리
자작동,자작동
자작,자작동
자지동,자지동
자지,자지동
작동,작동
작,작동
작산동,작산동
작산,작산동
작전동,작전동
작전,작전동
작천면,작천면
작천,작천면
잠실동,잠실동
잠실,잠실동
잠원동,잠원동
잠원,잠원동
잠홍동,잠홍동
잠홍,잠홍동
장계면,장계면
장계,장계면
장곡동,장곡동
장곡,장곡동
장곡면,장곡면
장곡,장곡면
장관동,장관동
장관,장관동
장교동,장교동
장교,장교동
장군동1가,장군동1가
장군동2가,장군동2가
장군동3가,장군동3가
장군동4가,장군동4가
장군동5가,장군동5가
장군면,장군면
장군,장군면
장기동,장기동
장기,장기동
장기면,장기면
장기,장기면
장남면,장남면
장남,장남면
장단면,장단면
장단,장단면
장당동,장당동
장당,장당동
장대동,장대동
장대,장대동
장덕동,장덕동
장덕,장덕동
장동,장동
장,장동
장동면,장동면
장동,장동면
장등동,장등동
장등,장등동
장락동,장락동
장락,장락동
장량동,장량동
장량,장량동
장록동,장록동
장록,장록동
장림1동,장림1동
장림1,장림1동
장림2동,장림2동
장림2,장림2동
장림동,장림동
장림,장림동
장마면,장마면
장마,장마면
장명동,장명동
장명,장명동
장목면,장목면
장목,장목면
장미동,장미동
장미,장미동
장사동,장사동
장사,장사동
장산면,장산면
장산,장산면
장상동,장상동
장상,장상동
장생포동,장생포동
장생포,장생포동
장생포리,장생포리
장성동,장성동
장성,장성동
장성읍,장성읍
장성,장성읍
장수동,장수동
장수,장수동
장수면,장수면
장수,장수면
장수읍,장수읍
장수,장수읍
장승포동,장승포동
장승포,장승포동
장승포읍,장승포읍
장승포,장승포읍
장안1동,장안1동
장안1,장안1동
장안2동,장안2동
장안2,장안2동
장안3동,장안3동
장안3,장안3동
장안4동,장안4동
장안4,장안4동
장안동,장안동
장안,장안동
장안면,장안면
장안,장안면
장안읍,장안읍
장안,장안읍
장암동,장암동
장암,장암동
장암리,장암리
장암면,장암면
장암,장암면
장연면,장연면
장연,장연면
장운동,장운동
장운,장운동
장위1동,장위1동
장위1,장위1동
장위2동,장위2동
장위2,장위2동
장위3동,장위3동
장위3,장위3동
장위동,장위동
장위,장위동
장유동,장유동
장유,장유동
장유면,장유면
장유,장유면
장재동,장재동
장재,장재동
장전1동,장전1동
장전1,장전1동
장전2동,장전2동
장전2,장전2동
장전3동,장전3동
장전3,장전3동
장전동,장전동
장전,장전동
장존동,장존동
장존,장존동
장지동,장지동
장지,장지동
장척동,장척동
장척,장척동
장천동,장천동
장천,장천동
장천면,장천면
장천,장천면
장충동1가,장충동1가
장충동2가,장충동2가
장평동,장평동
장평,장평동
장평면,장평면
장평,장평면
장하동,장하동
장하,장하동
장항동,장항동
장항,장항동
장항읍,장항읍
장항,장항읍
장현동,장현동
장현,장현동
장현리,장현리
장호원읍,장호원읍
장호원,장호원읍
장화동,장화동
장화,장화동
장흥동,장흥동
장흥,장흥동
장흥면,장흥면
장흥,장흥면
장흥읍,장흥읍
장흥,장흥읍
재동,재동
재,재동
재산면,재산면
재산,재산면
재송동,재송동
재송,재송동
저동,저동
저,저동
저동1가,저동1가
저동2가,저동2가
저전동,저전동
저전,저전동
적각동,적각동
적각,적각동
적곡면,적곡면
적곡,적곡면
적기동,적기동
적기,적기동
적기동1가,적기동1가
적기동2가,적기동2가
적기동3가,적기동3가
적기동4가,적기동4가
적기동5가,적기동5가
적노동,적노동
적노,적노동
적량동,적량동
적량,적량동
적량면,적량면
적량,적량면
적상면,적상면
적상,적상면
적서동,적서동
적서,적서동
적선동,적선동
적선,적선동
적성면,적성면
적성,적성면
적중면,적중면
적중,적중면
적현동,적현동
적현,적현동
전곡면,전곡면
전곡,전곡면
전곡읍,전곡읍
전곡,전곡읍
전농1동,전농1동
전농1,전농1동
전농2동,전농2동
전농2,전농2동
전농3동,전농3동
전농3,전농3동
전농4동,전농4동
전농4,전농4동
전농동,전농동
전농,전농동
전동,전동
전,전동
전동1가,전동1가
전동2가,전동2가
전동3가,전동3가
전동면,전동면
전동,전동면
전미동,전미동
전미,전미동
전미동1가,전미동1가
전미동2가,전미동2가
전민동,전민동
전민,전민동
전의면,전의면
전의,전의면
전포1동,전포1동
전포1,전포1동
전포2동,전포2동
전포2,전포2동
전포3동,전포3동
전포3,전포3동
전포4동,전포4동
전포4,전포4동
전포동,전포동
전포,전포동
전하1동,전하1동
전하1,전하1동
전하2동,전하2동
전하2,전하2동
전하동,전하동
전하,전하동
전하리,전하리
점곡면,점곡면
점곡,점곡면
점동면,점동면
점동,점동면
점봉동,점봉동
점봉,점봉동
점암면,점암면
점암,점암면
점양동,점양동
점양,점양동
점촌동,점촌동
점촌,점촌동
점촌읍,점촌읍
점촌,점촌읍
정곡면,정곡면
정곡,정곡면
정관면,정관면
정관,정관면
정관읍,정관읍
정관,정관읍
정남면,정남면
정남,정남면
정대동,정대동
정대,정대동
정동,정동
정,정동
정동면,정동면
정동,정동면
정라동,정라동
정라,정라동
정래동,정래동
정래,정래동
정량동,정량동
정량,정량동
정릉1동,정릉1동
정릉1,정릉1동
정릉2동,정릉2동
정릉2,정릉2동
정릉3동,정릉3동
정릉3,정릉3동
정릉4동,정릉4동
정릉4,정릉4동
정릉동,정릉동
정릉,정릉동
정림동,정림동
정림,정림동
정림리,정림리
정미면,정미면
정미,정미면
정발산동,정발산동
정발산,정발산동
정방동,정방동
정방,정방동
정봉동,정봉동
정봉,정봉동
정북동,정북동
정북,정북동
정산면,정산면
정산,정산면
정상동,정상동
정상,정상동
정생동,정생동
정생,정생동
정선면,정선면
정선,정선면
정선읍,정선읍
정선,정선읍
정안면,정안면
정안,정안면
정왕동,정왕동
정왕,정왕동
정우면,정우면
정우,정우면
정일동,정일동
정일,정일동
정자동,정자동
정자,정자동
정족동,정족동
정족,정족동
정주읍,정주읍
정주,정주읍
정천면,정천면
정천,정천면
정촌면,정촌면
정촌,정촌면
정평동,정평동
정평,정평동
정하동,정하동
정하,정하동
제기1동,제기1동
제기1,제기1동
제기2동,제기2동
제기2,제기2동
제기동,제기동
제기,제기동
제덕동,제덕동
제덕,제덕동
제도리,제도리
제원면,제원면
제원,제원면
제월동,제월동
제월,제월동
제천읍,제천읍
제천,제천읍
제철동,제철동
제철,제철동
제황산동,제황산동
제황산,제황산동
조곡동,조곡동
조곡,조곡동
조교동,조교동
조교,조교동
조남동,조남동
조남,조남동
조도면,조도면
조도,조도면
조동리,조동리
조례동,조례동
조례,조례동
조리면,조리면
조리,조리면
조리읍,조리읍
조리,조리읍
조마면,조마면
조마,조마면
조비동,조비동
조비,조비동
조산동,조산동
조산,조산동
조성면,조성면
조성,조성면
조안면,조안면
조안,조안면
조암동,조암동
조암,조암동
조야동,조야동
조야,조야동
조양동,조양동
조양,조양동
조영동,조영동
조영,조영동
조와동,조와동
조와,조와동
조운동,조운동
조운,조운동
조원동,조원동
조원,조원동
조종면,조종면
조종,조종면
조천면,조천면
조천,조천면
조천읍,조천읍
조천,조천읍
조촌동,조촌동
조촌,조촌동
조촌면,조촌면
조촌,조촌면
조촌읍,조촌읍
조촌,조촌읍
조치원읍,조치원읍
조치원,조치원읍
조탄동,조탄동
조탄,조탄동
종로1가,종로1가
종로2가,종로2가
종로3가,종로3가
종로4가,종로4가
종로5가,종로5가
종로6가,종로6가
종민동,종민동
종민,종민동
종암1동,종암1동
종암1,종암1동
종암2동,종암2동
종암2,종암2동
종암동,종암동
종암,종암동
종천면,종천면
종천,종천면
종촌동,종촌동
종촌,종촌동
종화동,종화동
종화,종화동
좌동,좌동
좌,좌동
좌룡동,좌룡동
좌룡,좌룡동
좌리,좌리
좌부동,좌부동
좌부,좌부동
좌천1동,좌천1동
좌천1,좌천1동
좌천2동,좌천2동
좌천2,좌천2동
좌천3동,좌천3동
좌천3,좌천3동
좌천4동,좌천4동
좌천4,좌천4동
좌천동,좌천동
좌천,좌천동
주교동,주교동
주교,주교동
주교면,주교면
주교,주교면
주남동,주남동
주남,주남동
주내면,주내면
주내,주내면
주내읍,주내읍
주내,주내읍
주덕면,주덕면
주덕,주덕면
주덕읍,주덕읍
주덕,주덕읍
주동,주동
주,주동
주례1동,주례1동
주례1,주례1동
주례2동,주례2동
주례2,주례2동
주례동,주례동
주례,주례동
주례리,주례리
주문진읍,주문진읍
주문진,주문진읍
주미동,주미동
주미,주미동
주산동,주산동
주산,주산동
주산면,주산면
주산,주산면
주삼동,주삼동
주삼,주삼동
주상면,주상면
주상,주상면
주생면,주생면
주생,주생면
주성동,주성동
주성,주성동
주안1동,주안1동
주안1,주안1동
주안2동,주안2동
주안2,주안2동
주안3동,주안3동
주안3,주안3동
주안4동,주안4동
주안4,주안4동
주안5동,주안5동
주안5,주안5동
주안6동,주안6동
주안6,주안6동
주안7동,주안7동
주안7,주안7동
주안8동,주안8동
주안8,주안8동
주안동,주안동
주안,주안동
주안동1동,주안동1동
주안동1,주안동1동
주안동2동,주안동2동
주안동2,주안동2동
주암동,주암동
주암,주암동
주암면,주암면
주암,주암면
주약동,주약동
주약,주약동
주엽동,주엽동
주엽,주엽동
주왕산면,주왕산면
주왕산,주왕산면
주월1동,주월1동
주월1,주월1동
주월2동,주월2동
주월2,주월2동
주월동,주월동
주월,주월동
주자동,주자동
주자,주자동
주전동,주전동
주전,주전동
주전리,주전리
주중동,주중동
주중,주중동
주진동,주진동
주진,주진동
주천면,주천면
주천,주천면
주촌동,주촌동
주촌,주촌동
주촌면,주촌면
주촌,주촌면
주포면,주포면
주포,주포면
주현동,주현동
주현,주현동
죽곡동,죽곡동
죽곡,죽곡동
죽곡면,죽곡면
죽곡,죽곡면
죽교1동,죽교1동
죽교1,죽교1동
죽교2동,죽교2동
죽교2,죽교2동
죽교3동,죽교3동
죽교3,죽교3동
죽교동,죽교동
죽교,죽교동
죽도1동,죽도1동
죽도1,죽도1동
죽도2동,죽도2동
죽도2,죽도2동
죽도동,죽도동
죽도,죽도동
죽동,죽동
죽,죽동
죽동동,죽동동
죽동,죽동동
죽림동,죽림동
죽림,죽림동
죽백동,죽백동
죽백,죽백동
죽변면,죽변면
죽변,죽변면
죽산면,죽산면
죽산,죽산면
죽성동,죽성동
죽성,죽성동
죽왕면,죽왕면
죽왕,죽왕면
죽율동,죽율동
죽율,죽율동
죽장면,죽장면
죽장,죽장면
죽전동,죽전동
죽전,죽전동
죽정동,죽정동
죽정,죽정동
죽항동,죽항동
죽항,죽항동
죽헌동,죽헌동
죽헌,죽헌동
줄포면,줄포면
줄포,줄포면
중1동,중1동
중1,중1동
중2동,중2동
중2,중2동
중계동,중계동
중계,중계동
중곡1동,중곡1동
중곡1,중곡1동
중곡2동,중곡2동
중곡2,중곡2동
중곡3동,중곡3동
중곡3,중곡3동
중곡4동,중곡4동
중곡4,중곡4동
중곡동,중곡동
중곡,중곡동
중구동,중구동
중구,중구동
중군동,중군동
중군,중군동
중노송동,중노송동
중노송,중노송동
중노송동1가,중노송동1가
중노송동2가,중노송동2가
중대동,중대동
중대,중대동
중대면,중대면
중대,중대면
중덕동,중덕동
중덕,중덕동
중도동,중도동
중도,중도동
중동,중동
중,중동
중동1가,중동1가
중동2가,중동2가
중동면,중동면
중동,중동면
중리,중리
중리동,중리동
중리,중리동
중림동,중림동
중림,중림동
중마동,중마동
중마,중마동
중면,중면
중,중면
중문동,중문동
중문,중문동
중문면,중문면
중문,중문면
중방동,중방동
중방,중방동
중부동,중부동
중부,중부동
중부면,중부면
중부,중부면
중산동,중산동
중산,중산동
중성동,중성동
중성,중성동
중안동,중안동
중안,중안동
중앙동,중앙동
중앙,중앙동
중앙동1가,중앙동1가
중앙동2가,중앙동2가
중앙동3가,중앙동3가
중앙동4가,중앙동4가
중앙동5가,중앙동5가
중앙동6가,중앙동6가
중앙동7가,중앙동7가
중앙로1가,중앙로1가
중앙로1가동,중앙로1가동
중앙로1가,중앙로1가동
중앙로2가,중앙로2가
중앙로2가동,중앙로2가동
중앙로2가,중앙로2가동
중앙로3가,중앙로3가
중앙로3가동,중앙로3가동
중앙로3가,중앙로3가동
중앙탑면,중앙탑면
중앙탑,중앙탑면
중인동,중인동
중인,중인동
중촌동,중촌동
중촌,중촌동
중평동,중평동
중평,중평동
중학동,중학동
중학,중학동
중화1동,중화1동
중화1,중화1동
중화2동,중화2동
중화2,중화2동
중화동,중화동
중화,중화동
중화산동,중화산동
중화산,중화산동
중화산동1가,중화산동1가
중화산동2가,중화산동2가
중흥1동,중흥1동
중흥1,중흥1동
중흥2동,중흥2동
중흥2,중흥2동
중흥동,중흥동
중흥,중흥동
증도면,증도면
증도,증도면
증산동,증산동
증산,증산동
증산면,증산면
증산,증산면
증일동,증일동
증일,증일동
증평읍,증평읍
증평,증평읍
증포동,증포동
증포,증포동
증흥3동,증흥3동
증흥3,증흥3동
지가동,지가동
지가,지가동
지곡동,지곡동
지곡,지곡동
지곡면,지곡면
지곡,지곡면
지곶동,지곶동
지곶,지곶동
지귀동,지귀동
지귀,지귀동
지금동,지금동
지금,지금동
지내동,지내동
지내,지내동
지도면,지도면
지도,지도면
지도읍,지도읍
지도,지도읍
지동,지동
지,지동
지동동,지동동
지동,지동동
지례면,지례면
지례,지례면
지만동,지만동
지만,지만동
지모동,지모동
지모,지모동
지묘동,지묘동
지묘,지묘동
지변동,지변동
지변,지변동
지보면,지보면
지보,지보면
지북동,지북동
지북,지북동
지사동,지사동
지사,지사동
지사면,지사면
지사,지사면
지산1동,지산1동
지산1,지산1동
지산2동,지산2동
지산2,지산2동
지산동,지산동
지산,지산동
지산면,지산면
지산,지산면
지석동,지석동
지석,지석동
지수면,지수면
지수,지수면
지야동,지야동
지야,지야동
지야리,지야리
지영동,지영동
지영,지영동
지원동,지원동
지원,지원동
지저동,지저동
지저,지저동
지정동,지정동
지정,지정동
지정면,지정면
지정,지정면
지제동,지제동
지제,지제동
지제면,지제면
지제,지제면
지족동,지족동
지족,지족동
지좌동,지좌동
지좌,지좌동
지죽동,지죽동
지죽,지죽동
지천동,지천동
지천,지천동
지천면,지천면
지천,지천면
지축동,지축동
지축,지축동
지평동,지평동
지평,지평동
지평면,지평면
지평,지평면
지품면,지품면
지품,지품면
지행동,지행동
지행,지행동
지행면,지행면
지행,지행면
지현동,지현동
지현,지현동
지흥동,지흥동
지흥,지흥동
직동,직동
직,직동
직산면,직산면
직산,직산면
직산읍,직산읍
직산,직산읍
진건면,진건면
진건,진건면
진건읍,진건읍
진건,진건읍
진곡동,진곡동
진곡,진곡동
진관내동,진관내동
진관내,진관내동
진관동,진관동
진관,진관동
진관외동,진관외동
진관외,진관외동
진교면,진교면
진교,진교면
진도면,진도면
진도,진도면
진도읍,진도읍
진도,진도읍
진동면,진동면
진동,진동면
진량면,진량면
진량,진량면
진량읍,진량읍
진량,진량읍
진례면,진례면
진례,진례면
진리동,진리동
진리,진리동
진목리,진목리
진미동,진미동
진미,진미동
진보면,진보면
진보,진보면
진봉면,진봉면
진봉,진봉면
진부면,진부면
진부,진부면
진북1동,진북1동
진북1,진북1동
진북2동,진북2동
진북2,진북2동
진북동,진북동
진북,진북동
진북면,진북면
진북,진북면
진산동,진산동
진산,진산동
진산면,진산면
진산,진산면
진상면,진상면
진상,진상면
진서면,진서면
진서,진서면
진성면,진성면
진성,진성면
진안동,진안동
진안,진안동
진안면,진안면
진안,진안면
진안읍,진안읍
진안,진안읍
진영읍,진영읍
진영,진영읍
진원면,진원면
진원,진원면
진월동,진월동
진월,진월동
진월면,진월면
진월,진월면
진위면,진위면
진위,진위면
진인동,진인동
진인,진인동
진잠동,진잠동
진잠,진잠동
진잠면,진잠면
진잠,진잠면
진장동,진장동
진장,진장동
진장리,진장리
진전면,진전면
진전,진전면
진접면,진접면
진접,진접면
진접읍,진접읍
진접,진접읍
진천동,진천동
진천,진천동
진천면,진천면
진천,진천면
진천읍,진천읍
진천,진천읍
진평동,진평동
진평,진평동
진포동,진포동
진포,진포동
진현동,진현동
진현,진현동
집현동,집현동
집현,집현동
집현면,집현면
집현,집현면
차룡동,차룡동
차룡,차룡동
차암동,차암동
차암,차암동
차용동,차용동
차용,차용동
차황면,차황면
차황,차황면
창1동,창1동
창1,창1동
창2동,창2동
창2,창2동
창3동,창3동
창3,창3동
창곡동,창곡동
창곡,창곡동
창구동,창구동
창구,창구동
창녕읍,창녕읍
창녕,창녕읍
창동,창동
창,창동
창선동,창선동
창선,창선동
창선동1가,창선동1가
창선동2가,창선동2가
창선동3가,창선동3가
창선면,창선면
창선,창선면
창성동,창성동
창성,창성동
창수면,창수면
창수,창수면
창신1동,창신1동
창신1,창신1동
창신2동,창신2동
창신2,창신2동
창신3동,창신3동
창신3,창신3동
창신동,창신동
창신,창신동
창영동,창영동
창영,창영동
창우동,창우동
창우,창우동
창원면,창원면
창원,창원면
창원읍,창원읍
창원,창원읍
창인동,창인동
창인,창인동
창인동1가,창인동1가
창인동2가,창인동2가
창전동,창전동
창전,창전동
창죽동,창죽동
창죽,창죽동
창진동,창진동
창진,창진동
창천동,창천동
창천,창천동
창평동,창평동
창평,창평동
창평면,창평면
창평,창평면
창포동,창포동
창포,창포동
창포동1가,창포동1가
창포동2가,창포동2가
창포동3가,창포동3가
채신동,채신동
채신,채신동
채운동,채운동
채운,채운동
채운면,채운면
채운,채운면
천가동,천가동
천가,천가동
천가면,천가면
천가,천가면
천거동,천거동
천거,천거동
천곡동,천곡동
천곡,천곡동
천군동,천군동
천군,천군동
천남동,천남동
천남,천남동
천동,천동
천,천동
천리동,천리동
천리,천리동
천북면,천북면
천북,천북면
천선동,천선동
천선,천선동
천성동,천성동
천성,천성동
천송동,천송동
천송,천송동
천안읍,천안읍
천안,천안읍
천연동,천연동
천연,천연동
천왕동,천왕동
천왕,천왕동
천지동,천지동
천지,천지동
천천동,천천동
천천,천천동
천천면,천천면
천천,천천면
천현동,천현동
천현,천현동
천현면,천현면
천현,천현면
천호동,천호동
천호,천호동
철마면,철마면
철마,철마면
철산1동,철산1동
철산1,철산1동
철산2동,철산2동
철산2,철산2동
철산3동,철산3동
철산3,철산3동
철산4동,철산4동
철산4,철산4동
철산동,철산동
철산,철산동
철암1동,철암1동
철암1,철암1동
철암2동,철암2동
철암2,철암2동
철암동,철암동
철암,철암동
철원읍,철원읍
철원,철원읍
청계동,청계동
청계,청계동
청계면,청계면
청계,청계면
청기면,청기면
청기,청기면
청남면,청남면
청남,청남면
청담1동,청담1동
청담1,청담1동
청담2동,청담2동
청담2,청담2동
청담동,청담동
청담,청담동
청당동,청당동
청당,청당동
청덕동,청덕동
청덕,청덕동
청덕면,청덕면
청덕,청덕면
청도면,청도면
청도,청도면
청도읍,청도읍
청도,청도읍
청동,청동
청,청동
청라동,청라동
청라,청라동
청라면,청라면
청라,청라면
청량동,청량동
청량,청량동
청량리1동,청량리1동
청량리1,청량리1동
청량리2동,청량리2동
청량리2,청량리2동
청량리동,청량리동
청량리,청량리동
청량면,청량면
청량,청량면
청량읍,청량읍
청량,청량읍
청룡동,청룡동
청룡,청룡동
청리면,청리면
청리,청리면
청림동,청림동
청림,청림동
청북면,청북면
청북,청북면
청북읍,청북읍
청북,청북읍
청산면,청산면
청산,청산면
청성면,청성면
청성,청성면
청소면,청소면
청소,청소면
청송면,청송면
청송,청송면
청송읍,청송읍
청송,청송읍
청수동,청수동
청수,청수동
청안동,청안동
청안,청안동
청안면,청안면
청안,청안면
청암동,청암동
청암,청암동
청암면,청암면
청암,청암면
청양면,청양면
청양,청양면
청양읍,청양읍
청양,청양읍
청옥동,청옥동
청옥,청옥동
청용동,청용동
청용,청용동
청용리,청용리
청운동,청운동
청운,청운동
청운면,청운면
청운,청운면
청웅면,청웅면
청웅,청웅면
청일면,청일면
청일,청일면
청전동,청전동
청전,청전동
청진동,청진동
청진,청진동
청천동,청천동
청천,청천동
청천면,청천면
청천,청천면
청통면,청통면
청통,청통면
청파1동,청파1동
청파1,청파1동
청파2동,청파2동
청파2,청파2동
청파동1가,청파동1가
청파동2가,청파동2가
청파동3가,청파동3가
청평면,청평면
청평,청평면
청풍동,청풍동
청풍,청풍동
청풍면,청풍면
청풍,청풍면
청하면,청하면
청하,청하면
청학1동,청학1동
청학1,청학1동
청학2동,청학2동
청학2,청학2동
청학동,청학동
청학,청학동
청호동,청호동
청호,청호동
체부동,체부동
체부,체부동
초계면,초계면
초계,초계면
초구동,초구동
초구,초구동
초당동,초당동
초당,초당동
초동,초동
초,초동
초동면,초동면
초동,초동면
초량1동,초량1동
초량1,초량1동
초량2동,초량2동
초량2,초량2동
초량3동,초량3동
초량3,초량3동
초량4동,초량4동
초량4,초량4동
초량6동,초량6동
초량6,초량6동
초량동,초량동
초량,초량동
초사동,초사동
초사,초사동
초산동,초산동
초산,초산동
초월면,초월면
초월,초월면
초월읍,초월읍
초월,초월읍
초읍동,초읍동
초읍,초읍동
초이동,초이동
초이,초이동
초일동,초일동
초일,초일동
초장동,초장동
초장,초장동
초장동1가,초장동1가
초장동2가,초장동2가
초장동3가,초장동3가
초전남동,초전남동
초전남,초전남동
초전동,초전동
초전,초전동
초전면,초전면
초전,초전면
초전북동,초전북동
초전북,초전북동
초지동,초지동
초지,초지동
초촌면,초촌면
초촌,초촌면
초평동,초평동
초평,초평동
초평면,초평면
초평,초평면
추동,추동
추,추동
추목동,추목동
추목,추목동
추부면,추부면
추부,추부면
추산동,추산동
추산,추산동
추암동,추암동
추암,추암동
추자동,추자동
추자,추자동
추자면,추자면
추자,추자면
추풍령면,추풍령면
추풍령,추풍령면
축동면,축동면
축동,축동면
축복동,축복동
축복,축복동
축복동1가,축복동1가
축복동2가,축복동2가
축복동3가,축복동3가
축산면,축산면
축산,축산면
춘궁동,춘궁동
춘궁,춘궁동
춘산면,춘산면
춘산,춘산면
춘양면,춘양면
춘양,춘양면
춘의동,춘의동
춘의,춘의동
춘포면,춘포면
춘포,춘포면
출두리,출두리
충금동,충금동
충금,충금동
충무공동,충무공동
충무공,충무공동
충무동,충무동
충무,충무동
충무동1가,충무동1가
충무동2가,충무동2가
충무동3가,충무동3가
충무동4가,충무동4가
충무동5가,충무동5가
충무로1가,충무로1가
충무로1가동,충무로1가동
충무로1가,충무로1가동
충무로2가,충무로2가
충무로2가동,충무로2가동
충무로2가,충무로2가동
충무로3가,충무로3가
충무로3가동,충무로3가동
충무로3가,충무로3가동
충무로4가,충무로4가
충무로4가동,충무로4가동
충무로4가,충무로4가동
충무로5가,충무로5가
충무로5가동,충무로5가동
충무로5가,충무로5가동
충무로6가동,충무로6가동
충무로6가,충무로6가동
충수동,충수동
충수,충수동
충신동,충신동
충신,충신동
충의동,충의동
충의,충의동
충인동,충인동
충인,충인동
충장로1가,충장로1가
충장로1가동,충장로1가동
충장로1가,충장로1가동
충장로2가,충장로2가
충장로2가동,충장로2가동
충장로2가,충장로2가동
충장로3가,충장로3가
충장로3가동,충장로3가동
충장로3가,충장로3가동
충장로4가,충장로4가
충장로4가동,충장로4가동
충장로4가,충장로4가동
충장로5가,충장로5가
충장로5가동,충장로5가동
충장로5가,충장로5가동
충정로1가,충정로1가
충정로2가,충정로2가
충정로3가,충정로3가
충정로동,충정로동
충정로,충정로동
충현동,충현동
충현,충현동
충화면,충화면
충화,충화면
충효동,충효동
충효,충효동
충효리,충효리
취암동,취암동
취암,취암동
측후동,측후동
측후,측후동
치평동,치평동
치평,치평동
칠곡1동,칠곡1동
칠곡1,칠곡1동
칠곡2동,칠곡2동
칠곡2,칠곡2동
칠곡3동,칠곡3동
칠곡3,칠곡3동
칠곡면,칠곡면
칠곡,칠곡면
칠곡읍,칠곡읍
칠곡,칠곡읍
칠괴동,칠괴동
칠괴,칠괴동
칠금동,칠금동
칠금,칠금동
칠량면,칠량면
칠량,칠량면
칠보면,칠보면
칠보,칠보면
칠북면,칠북면
칠북,칠북면
칠산동,칠산동
칠산,칠산동
칠서면,칠서면
칠서,칠서면
칠석동,칠석동
칠석,칠석동
칠성1가동,칠성1가동
칠성1가,칠성1가동
칠성2가1동,칠성2가1동
칠성2가1,칠성2가1동
칠성2가2동,칠성2가2동
칠성2가2,칠성2가2동
칠성동1가,칠성동1가
칠성동2가,칠성동2가
칠성면,칠성면
칠성,칠성면
칠송동,칠송동
칠송,칠송동
칠암동,칠암동
칠암,칠암동
칠원동,칠원동
칠원,칠원동
칠원면,칠원면
칠원,칠원면
칠원읍,칠원읍
칠원,칠원읍
칠전동,칠전동
칠전,칠전동
침산1동,침산1동
침산1,침산1동
침산2동,침산2동
침산2,침산2동
침산3동,침산3동
침산3,침산3동
침산동,침산동
침산,침산동
탄동,탄동
탄,탄동
탄동면,탄동면
탄동,탄동면
탄방동,탄방동
탄방,탄방동
탄방리,탄방리
탄벌동,탄벌동
탄벌,탄벌동
탄부면,탄부면
탄부,탄부면
탄천면,탄천면
탄천,탄천면
탄현동,탄현동
탄현,탄현동
탄현면,탄현면
탄현,탄현면
탑동,탑동
탑,탑동
탑동동,탑동동
탑동,탑동동
탑립동,탑립동
탑립,탑립동
탑정동,탑정동
탑정,탑정동
탕정면,탕정면
탕정,탕정면
태금면,태금면
태금,태금면
태령동,태령동
태령,태령동
태령리,태령리
태백동,태백동
태백,태백동
태봉동,태봉동
태봉,태봉동
태안면,태안면
태안,태안면
태안읍,태안읍
태안,태안읍
태인동,태인동
태인,태인동
태인면,태인면
태인,태인면
태장1동,태장1동
태장1,태장1동
태장2동,태장2동
태장2,태장2동
태장동,태장동
태장,태장동
태장면,태장면
태장,태장면
태전동,태전동
태전,태전동
태평1동,태평1동
태평1,태평1동
태평2동,태평2동
태평2,태평2동
태평3동,태평3동
태평3,태평3동
태평동,태평동
태평,태평동
태평동1가,태평동1가
태평동2가,태평동2가
태평로1가,태평로1가
태평로2가,태평로2가
태평로3가,태평로3가
태평로4가,태평로4가
태평로5가,태평로5가
태평로6가,태평로6가
태화동,태화동
태화,태화동
태화리,태화리
토계동,토계동
토계,토계동
토당동,토당동
토당,토당동
토성동1가,토성동1가
토성동2가,토성동2가
토성동3가,토성동3가
토성동4가,토성동4가
토성동5가,토성동5가
토성면,토성면
토성,토성면
토월동,토월동
토월,토월동
토정동,토정동
토정,토정동
토지면,토지면
토지,토지면
토평동,토평동
토평,토평동
통동,통동
통,통동
통복동,통복동
통복,통복동
통신동,통신동
통신,통신동
통의동,통의동
통의,통의동
통인동,통인동
통인,통인동
통진면,통진면
통진,통진면
통진읍,통진읍
통진,통진읍
퇴계동,퇴계동
퇴계,퇴계동
퇴계원면,퇴계원면
퇴계원,퇴계원면
퇴계원읍,퇴계원읍
퇴계원,퇴계원읍
퇴촌동,퇴촌동
퇴촌,퇴촌동
퇴촌면,퇴촌면
퇴촌,퇴촌면
파동,파동
파,파동
파산동,파산동
파산,파산동
파장동,파장동
파장,파장동
파주읍,파주읍
파주,파주읍
파천면,파천면
파천,파천면
파평면,파평면
파평,파평면
파호동,파호동
파호,파호동
판교동,판교동
판교,판교동
판교면,판교면
판교,판교면
판문남동,판문남동
판문남,판문남동
판문동,판문동
판문,판문동
판문북동,판문북동
판문북,판문북동
판부면,판부면
판부,판부면
판암동,판암동
판암,판암동
팔곡이동,팔곡이동
팔곡이,팔곡이동
팔곡일동,팔곡일동
팔곡일,팔곡일동
팔금면,팔금면
팔금,팔금면
팔달동,팔달동
팔달,팔달동
팔달로1가,팔달로1가
팔달로2가,팔달로2가
팔달로3가,팔달로3가
팔덕면,팔덕면
팔덕,팔덕면
팔복동,팔복동
팔복,팔복동
팔복동1가,팔복동1가
팔복동2가,팔복동2가
팔복동3가,팔복동3가
팔복동4가,팔복동4가
팔봉동,팔봉동
팔봉,팔봉동
팔봉면,팔봉면
팔봉,팔봉면
팔용동,팔용동
팔용,팔용동
팔탄면,팔탄면
팔탄,팔탄면
팔판동,팔판동
팔판,팔판동
팽성면,팽성면
팽성,팽성면
팽성읍,팽성읍
팽성,팽성읍
평강리,평강리
평거동,평거동
평거,평거동
평광동,평광동
평광,평광동
평내동,평내동
평내,평내동
평동,평동
평,평동
평동면,평동면
평동,평동면
평릉동,평릉동
평릉,평릉동
평리1동,평리1동
평리1,평리1동
평리2동,평리2동
평리2,평리2동
평리3동,평리3동
평리3,평리3동
평리4동,평리4동
평리4,평리4동
평리5동,평리5동
평리5,평리5동
평리동,평리동
평리,평리동
평림1동,평림1동
평림1,평림1동
평림2동,평림2동
평림2,평림2동
평림동,평림동
평림,평림동
평산동,평산동
평산,평산동
평성리,평성리
평안동,평안동
평안,평안동
평여동,평여동
평여,평여동
평원동,평원동
평원,평원동
평은면,평은면
평은,평은면
평전동,평전동
평전,평전동
평창동,평창동
평창,평창동
평창면,평창면
평창,평창면
평창읍,평창읍
평창,평창읍
평촌동,평촌동
평촌,평촌동
평택동,평택동
평택,평택동
평택읍,평택읍
평택,평택읍
평해면,평해면
평해,평해면
평해읍,평해읍
평해,평해읍
평화동,평화동
평화,평화동
평화동1가,평화동1가
평화동2가,평화동2가
평화동3가,평화동3가
포곡면,포곡면
포곡,포곡면
포곡읍,포곡읍
포곡,포곡읍
포남동,포남동
포남,포남동
포동,포동
포,포동
포두면,포두면
포두,포두면
포승면,포승면
포승,포승면
포승읍,포승읍
포승,포승읍
포이동,포이동
포이,포이동
포일동,포일동
포일,포일동
포정동,포정동
포정,포정동
포천면,포천면
포천,포천면
포천읍,포천읍
포천,포천읍
표선면,표선면
표선,표선면
풍각면,풍각면
풍각,풍각면
풍기동,풍기동
풍기,풍기동
풍기면,풍기면
풍기,풍기면
풍기읍,풍기읍
풍기,풍기읍
풍남동,풍남동
풍남,풍남동
풍남동1가,풍남동1가
풍남동2가,풍남동2가
풍남동3가,풍남동3가
풍납동,풍납동
풍납,풍납동
풍덕동,풍덕동
풍덕,풍덕동
풍덕천동,풍덕천동
풍덕천,풍덕천동
풍도동,풍도동
풍도,풍도동
풍동,풍동
풍,풍동
풍무동,풍무동
풍무,풍무동
풍산동,풍산동
풍산,풍산동
풍산면,풍산면
풍산,풍산면
풍산읍,풍산읍
풍산,풍산읍
풍세면,풍세면
풍세,풍세면
풍암동,풍암동
풍암,풍암동
풍양면,풍양면
풍양,풍양면
풍유동,풍유동
풍유,풍유동
풍천면,풍천면
풍천,풍천면
풍향1동,풍향1동
풍향1,풍향1동
풍향2동,풍향2동
풍향2,풍향2동
풍향동,풍향동
풍향,풍향동
풍호동,풍호동
풍호,풍호동
필동1가,필동1가
필동2가,필동2가
필동3가,필동3가
필운동,필운동
필운,필운동
하갈동,하갈동
하갈,하갈동
하거동,하거동
하거,하거동
하계동,하계동
하계,하계동
하광교동,하광교동
하광교,하광교동
하기동,하기동
하기,하기동
하남동,하남동
하남,하남동
하남면,하남면
하남,하남면
하남읍,하남읍
하남,하남읍
하단동,하단동
하단,하단동
하대동,하대동
하대,하대동
하대원동,하대원동
하대원,하대원동
하동,하동
하,하동
하동면,하동면
하동,하동면
하동읍,하동읍
하동,하동읍
하리면,하리면
하리,하리면
하망1동,하망1동
하망1,하망1동
하망2동,하망2동
하망2,하망2동
하망3동,하망3동
하망3,하망3동
하망동,하망동
하망,하망동
하면,하면
하,하면
하모동,하모동
하모,하모동
하봉암동,하봉암동
하봉암,하봉암동
하북동,하북동
하북,하북동
하북면,하북면
하북,하북면
하빈면,하빈면
하빈,하빈면
하사미동,하사미동
하사미,하사미동
하사창동,하사창동
하사창,하사창동
하산곡동,하산곡동
하산곡,하산곡동
하산동,하산동
하산,하산동
하산운동,하산운동
하산운,하산운동
하상동,하상동
하상,하상동
하상면,하상면
하상,하상면
하서동,하서동
하서,하서동
하서면,하서면
하서,하서면
하성면,하성면
하성,하성면
하소동,하소동
하소,하소동
하수동,하수동
하수,하수동
하안동,하안동
하안,하안동
하야동,하야동
하야,하야동
하양면,하양면
하양,하양면
하양읍,하양읍
하양,하양읍
하예동,하예동
하예,하예동
하왕십리동,하왕십리동
하왕십리,하왕십리동
하원동,하원동
하원,하원동
하월곡1동,하월곡1동
하월곡1,하월곡1동
하월곡2동,하월곡2동
하월곡2,하월곡2동
하월곡3동,하월곡3동
하월곡3,하월곡3동
하월곡4동,하월곡4동
하월곡4,하월곡4동
하월곡동,하월곡동
하월곡,하월곡동
하의면,하의면
하의,하의면
하이면,하이면
하이,하이면
하일동,하일동
하일,하일동
하일면,하일면
하일,하일면
하장면,하장면
하장,하장면
하점면,하점면
하점,하점면
하정동,하정동
하정,하정동
하중동,하중동
하중,하중동
하지석동,하지석동
하지석,하지석동
하청면,하청면
하청,하청면
하촌동,하촌동
하촌,하촌동
하효동,하효동
하효,하효동
학1동,학1동
학1,학1동
학2동,학2동
학2,학2동
학3동,학3동
학3,학3동
학교면,학교면
학교,학교면
학동,학동
학,학동
학산동,학산동
학산,학산동
학산면,학산면
학산,학산면
학성1동,학성1동
학성1,학성1동
학성2동,학성2동
학성2,학성2동
학성동,학성동
학성,학성동
학승동,학승동
학승,학승동
학암동,학암동
학암,학암동
학온동,학온동
학온,학온동
학용동,학용동
학용,학용동
학운동,학운동
학운,학운동
학의동,학의동
학의,학의동
학익1동,학익1동
학익1,학익1동
학익2동,학익2동
학익2,학익2동
학익동,학익동
학익,학익동
학잠동,학잠동
학잠,학잠동
학장동,학장동
학장,학장동
학장리,학장리
학정동,학정동
학정,학정동
학하동,학하동
학하,학하동
한강로1가,한강로1가
한강로2가,한강로2가
한강로3가,한강로3가
한경면,한경면
한경,한경면
한남1동,한남1동
한남1,한남1동
한남2동,한남2동
한남2,한남2동
한남동,한남동
한남,한남동
한림면,한림면
한림,한림면
한림읍,한림읍
한림,한림읍
한반도면,한반도면
한반도,한반도면
한별동,한별동
한별,한별동
한산면,한산면
한산,한산면
한솔동,한솔동
한솔,한솔동
한수면,한수면
한수,한수면
한천동,한천동
한천,한천동
한천면,한천면
한천,한천면
함라면,함라면
함라,함라면
함안면,함안면
함안,함안면
함양읍,함양읍
함양,함양읍
함열면,함열면
함열,함열면
함열읍,함열읍
함열,함열읍
함창면,함창면
함창,함창면
함창읍,함창읍
함창,함창읍
함평면,함평면
함평,함평면
함평읍,함평읍
함평,함평읍
합강동,합강동
합강,합강동
합덕면,합덕면
합덕,합덕면
합덕읍,합덕읍
합덕,합덕읍
합동,합동
합,합동
합성1동,합성1동
합성1,합성1동
합성2동,합성2동
합성2,합성2동
합성동,합성동
합성,합성동
합정동,합정동
합정,합정동
합천면,합천면
합천,합천면
합천읍,합천읍
합천,합천읍
합포동,합포동
합포,합포동
항구동,항구동
항구,항구동
항남동,항남동
항남,항남동
항동,항동
항,항동
항동1가,항동1가
항동2가,항동2가
항동3가,항동3가
항동4가,항동4가
항동5가,항동5가
항동6가,항동6가
항동7가,항동7가
해곡동,해곡동
해곡,해곡동
해남읍,해남읍
해남,해남읍
해도1동,해도1동
해도1,해도1동
해도2동,해도2동
해도2,해도2동
해도동,해도동
해도,해도동
해룡면,해룡면
해룡,해룡면
해리면,해리면
해리,해리면
해망동,해망동
해망,해망동
해미면,해미면
해미,해미면
해밀동,해밀동
해밀,해밀동
해보면,해보면
해보,해보면
해산동,해산동
해산,해산동
해안동,해안동
해안,해안동
해안동1가,해안동1가
해안동2가,해안동2가
해안동3가,해안동3가
해안동4가,해안동4가
해안면,해안면
해안,해안면
해운동,해운동
해운,해운동
해제면,해제면
해제,해제면
해평면,해평면
해평,해평면
행구동,행구동
행구,행구동
행금동,행금동
행금,행금동
행당1동,행당1동
행당1,행당1동
행당2동,행당2동
행당2,행당2동
행당동,행당동
행당,행당동
행동,행동
행,행동
행복동,행복동
행복,행복동
행복동1가,행복동1가
행복동2가,행복동2가
행신동,행신동
행신,행신동
행안면,행안면
행안,행안면
행암동,행암동
행암,행암동
행정동,행정동
행정,행정동
행주내동,행주내동
행주내,행주내동
행주외동,행주외동
행주외,행주외동
행촌동,행촌동
행촌,행촌동
향교동,향교동
향교,향교동
향남면,향남면
향남,향남면
향남읍,향남읍
향남,향남읍
향동동,향동동
향동,향동동
향로동,향로동
향로,향로동
향정동,향정동
향정,향정동
향촌동,향촌동
향촌,향촌동
헌신동,헌신동
헌신,헌신동
현경면,현경면
현경,현경면
현곡면,현곡면
현곡,현곡면
현남면,현남면
현남,현남면
현내면,현내면
현내,현내면
현덕면,현덕면
현덕,현덕면
현도면,현도면
현도,현도면
현동,현동
현,현동
현동면,현동면
현동,현동면
현북면,현북면
현북,현북면
현산면,현산면
현산,현산면
현서면,현서면
현서,현서면
현석동,현석동
현석,현석동
현수동,현수동
현수,현수동
현암동,현암동
현암,현암동
현영동,현영동
현영,현영동
현저동,현저동
현저,현저동
현천동,현천동
현천,현천동
현포동,현포동
현포,현포동
현풍면,현풍면
현풍,현풍면
현풍읍,현풍읍
현풍,현풍읍
혈동,혈동
혈,혈동
형곡동,형곡동
형곡,형곡동
혜화동,혜화동
혜화,혜화동
호계1동,호계1동
호계1,호계1동
호계2동,호계2동
호계2,호계2동
호계3동,호계3동
호계3,호계3동
호계동,호계동
호계,호계동
호계면,호계면
호계,호계면
호근동,호근동
호근,호근동
호남동,호남동
호남,호남동
호동,호동
호,호동
호동리,호동리
호림동,호림동
호림,호림동
호매실동,호매실동
호매실,호매실동
호명동,호명동
호명,호명동
호명면,호명면
호명,호명면
호명읍,호명읍
호명,호명읍
호미곶면,호미곶면
호미곶,호미곶면
호반동,호반동
호반,호반동
호법면,호법면
호법,호법면
호산동,호산동
호산,호산동
호성동,호성동
호성,호성동
호성동1가,호성동1가
호성동2가,호성동2가
호성동3가,호성동3가
호암동,호암동
호암,호암동
호원동,호원동
호원,호원동
호원리,호원리
호저면,호저면
호저,호저면
호탄동,호탄동
호탄,호탄동
호평동,호평동
호평,호평동
호현동,호현동
호현,호현동
홍내동,홍내동
홍내,홍내동
홍농면,홍농면
홍농,홍농면
홍농읍,홍농읍
홍농,홍농읍
홍도동,홍도동
홍도,홍도동
홍동면,홍동면
홍동,홍동면
홍문동,홍문동
홍문,홍문동
홍북면,홍북면
홍북,홍북면
홍북읍,홍북읍
홍북,홍북읍
홍산면,홍산면
홍산,홍산면
홍성면,홍성면
홍성,홍성면
홍성읍,홍성읍
홍성,홍성읍
홍은1동,홍은1동
홍은1,홍은1동
홍은2동,홍은2동
홍은2,홍은2동
홍은3동,홍은3동
홍은3,홍은3동
홍은동,홍은동
홍은,홍은동
홍익동,홍익동
홍익,홍익동
홍제1동,홍제1동
홍제1,홍제1동
홍제2동,홍제2동
홍제2,홍제2동
홍제3동,홍제3동
홍제3,홍제3동
홍제4동,홍제4동
홍제4,홍제4동
홍제동,홍제동
홍제,홍제동
홍지동,홍지동
홍지,홍지동
홍천면,홍천면
홍천,홍천면
홍천읍,홍천읍
홍천,홍천읍
홍파동,홍파동
홍파,홍파동
화개동,화개동
화개,화개동
화개면,화개면
화개,화개면
화계동,화계동
화계,화계동
화곡1동,화곡1동
화곡1,화곡1동
화곡2동,화곡2동
화곡2,화곡2동
화곡3동,화곡3동
화곡3,화곡3동
화곡4동,화곡4동
화곡4,화곡4동
화곡5동,화곡5동
화곡5,화곡5동
화곡동,화곡동
화곡,화곡동
화곡본동,화곡본동
화곡본,화곡본동
화광동,화광동
화광,화광동
화남면,화남면
화남,화남면
화내동,화내동
화내,화내동
화도면,화도면
화도,화도면
화도읍,화도읍
화도,화도읍
화동,화동
화,화동
화동면,화동면
화동,화동면
화룡동,화룡동
화룡,화룡동
화명동,화명동
화명,화명동
화명리,화명리
화목동,화목동
화목,화목동
화봉동,화봉동
화봉,화봉동
화봉리,화봉리
화북동,화북동
화북,화북동
화북면,화북면
화북,화북면
화북이동,화북이동
화북이,화북이동
화북일동,화북일동
화북일,화북일동
화산1동,화산1동
화산1,화산1동
화산2동,화산2동
화산2,화산2동
화산동,화산동
화산,화산동
화산면,화산면
화산,화산면
화서1동,화서1동
화서1,화서1동
화서2동,화서2동
화서2,화서2동
화서동,화서동
화서,화서동
화서면,화서면
화서,화서면
화성동,화성동
화성,화성동
화성면,화성면
화성,화성면
화수1동,화수1동
화수1,화수1동
화수2동,화수2동
화수2,화수2동
화수동,화수동
화수,화수동
화수동1동,화수동1동
화수동1,화수동1동
화수동2동,화수동2동
화수동2,화수동2동
화수동3동,화수동3동
화수동3,화수동3동
화순면,화순면
화순,화순면
화순읍,화순읍
화순,화순읍
화암동,화암동
화암,화암동
화암면,화암면
화암,화암면
화양동,화양동
화양,화양동
화양면,화양면
화양,화양면
화양읍,화양읍
화양,화양읍
화영동,화영동
화영,화영동
화원면,화원면
화원,화원면
화원읍,화원읍
화원,화원읍
화장동,화장동
화장,화장동
화전1동,화전1동
화전1,화전1동
화전2동,화전2동
화전2,화전2동
화전동,화전동
화전,화전동
화전읍,화전읍
화전,화전읍
화정1동,화정1동
화정1,화정1동
화정2동,화정2동
화정2,화정2동
화정동,화정동
화정,화정동
화정리,화정리
화정면,화정면
화정,화정면
화지동,화지동
화지,화지동
화천동,화천동
화천,화천동
화천면,화천면
화천,화천면
화천읍,화천읍
화천,화천읍
화촌면,화촌면
화촌,화촌면
화치동,화치동
화치,화치동
화평동,화평동
화평,화평동
화현면,화현면
화현,화현면
환성면,환성면
환성,환성면
환여동,환여동
환여,환여동
환호동,환호동
환호,환호동
활성동,활성동
활성,활성동
활천동,활천동
활천,활천동
활초동,활초동
활초,활초동
황간면,황간면
황간,황간면
황계동,황계동
황계,황계동
황금동,황금동
황금,황금동
황금면,황금면
황금,황금면
황길동,황길동
황길,황길동
황남동,황남동
황남,황남동
황등면,황등면
황등,황등면
황룡동,황룡동
황룡,황룡동
황룡면,황룡면
황룡,황룡면
황산동,황산동
황산,황산동
황산면,황산면
황산,황산면
황상동,황상동
황상,황상동
황성동,황성동
황성,황성동
황성리,황성리
황오동,황오동
황오,황오동
황용동,황용동
황용,황용동
황전면,황전면
황전,황전면
황지1동,황지1동
황지1,황지1동
황지2동,황지2동
황지2,황지2동
황지3동,황지3동
황지3,황지3동
황지동,황지동
황지,황지동
황지읍,황지읍
황지,황지읍
황천동,황천동
황천,황천동
황청동,황청동
황청,황청동
황학동,황학동
황학,황학동
황호동,황호동
황호,황호동
황화면,황화면
황화,황화면
회기동,회기동
회기,회기동
회남면,회남면
회남,회남면
회덕1동,회덕1동
회덕1,회덕1동
회덕2동,회덕2동
회덕2,회덕2동
회덕동,회덕동
회덕,회덕동
회덕면,회덕면
회덕,회덕면
회동,회동
회,회동
회동동,회동동
회동,회동동
회북면,회북면
회북,회북면
회산동,회산동
회산,회산동
회성동,회성동
회성,회성동
회수동,회수동
회수,회수동
회암동,회암동
회암,회암동
회원1동,회원1동
회원1,회원1동
회원2동,회원2동
회원2,회원2동
회원동,회원동
회원,회원동
회인면,회인면
회인,회인면
회정동,회정동
회정,회정동
회진면,회진면
회진,회진면
회천동,회천동
회천,회천동
회천면,회천면
회천,회천면
회천읍,회천읍
회천,회천읍
회현동,회현동
회현,회현동
회현동1가,회현동1가
회현동2가,회현동2가
회현동3가,회현동3가
회현면,회현면
회현,회현면
회화면,회화면
회화,회화면
횡성면,횡성면
횡성,횡성면
횡성읍,횡성읍
횡성,횡성읍
횡천면,횡천면
횡천,횡천면
효가동,효가동
효가,효가동
효곡동,효곡동
효곡,효곡동
효덕동,효덕동
효덕,효덕동
효돈동,효돈동
효돈,효돈동
효동,효동
효,효동
효령동,효령동
효령,효령동
효령리,효령리
효령면,효령면
효령,효령면
효목1동,효목1동
효목1,효목1동
효목2동,효목2동
효목2,효목2동
효목동,효목동
효목,효목동
효문동,효문동
효문,효문동
효문리,효문리
효성동,효성동
효성,효성동
효자1동,효자1동
효자1,효자1동
효자2동,효자2동
효자2,효자2동
효자3동,효자3동
효자3,효자3동
효자동,효자동
효자,효자동
효자동1가,효자동1가
효자동2가,효자동2가
효자동3가,효자동3가
효자면,효자면
효자,효자면
효제동,효제동
효제,효제동
효창동,효창동
효창,효창동
효평동,효평동
효평,효평동
효현동,효현동
효현,효현동
후암동,후암동
후암,후암동
후평1동,후평1동
후평1,후평1동
후평2동,후평2동
후평2,후평2동
후평동,후평동
후평,후평동
후포면,후포면
후포,후포면
훈정동,훈정동
훈정,훈정동
휘경1동,휘경1동
휘경1,휘경1동
휘경2동,휘경2동
휘경2,휘경2동
휘경동,휘경동
휘경,휘경동
휴암동,휴암동
휴암,휴암동
휴천1동,휴천1동
휴천1,휴천1동
휴천2동,휴천2동
휴천2,휴천2동
휴천3동,휴천3동
휴천3,휴천3동
휴천동,휴천동
휴천,휴천동
휴천면,휴천면
휴천,휴천면
흑산면,흑산면
흑산,흑산면
흑석1동,흑석1동
흑석1,흑석1동
흑석2동,흑석2동
흑석2,흑석2동
흑석3동,흑석3동
흑석3,흑석3동
흑석동,흑석동
흑석,흑석동
흑암동,흑암동
흑암,흑암동
흥각동,흥각동
흥각,흥각동
흥남동,흥남동
흥남,흥남동
흥덕동,흥덕동
흥덕,흥덕동
흥덕면,흥덕면
흥덕,흥덕면
흥동,흥동
흥,흥동
흥사동,흥사동
흥사,흥사동
흥업면,흥업면
흥업,흥업면
흥인동,흥인동
흥인,흥인동
흥천면,흥천면
흥천,흥천면
흥해읍,흥해읍
흥해,흥해읍
